stock,contractSymbol,expiration,daysToExpiration,strike,impliedVolatility,bid,ask,mid_price,black_scholes_value,difference_in_price
AAPL,AAPL241213C00105000,2024-12-13,1.0,105.0,1e-05,135.95,139.75,137.85,141.500176,-3.650175631
AAPL,AAPL241213C00135000,2024-12-13,1.0,135.0,3.1250021875,111.2,111.9,111.55,111.504707,0.045292845
AAPL,AAPL241213C00140000,2024-12-13,1.0,140.0,2.9453151367,106.2,106.9,106.55,106.505329,0.044671357
AAPL,AAPL241213C00150000,2024-12-13,1.0,150.0,2.6093784766,96.25,96.85,96.55,96.506603,0.043396991
AAPL,AAPL241213C00155000,2024-12-13,1.0,155.0,2.5546911133,91.25,91.9,91.575,91.508057,0.066942575
AAPL,AAPL241213C00160000,2024-12-13,1.0,160.0,2.3945352637,86.25,86.9,86.575,86.508735,0.06626497
AAPL,AAPL241213C00165000,2024-12-13,1.0,165.0,1e-05,77.95,78.95,78.45,81.507572,-3.057572436
AAPL,AAPL241213C00170000,2024-12-13,1.0,170.0,2.0078174805,76.25,76.85,76.55,76.509276,0.040723916
AAPL,AAPL241213C00175000,2024-12-13,1.0,175.0,1.941406543,71.25,71.9,71.575,71.510842,0.064158016
AAPL,AAPL241213C00180000,2024-12-13,1.0,180.0,1.8554694727,66.3,66.9,66.6,66.512707,0.0872931
AAPL,AAPL241213C00185000,2024-12-13,1.0,185.0,1.5859395703,60.75,62.35,61.55,61.51126,0.038740093
AAPL,AAPL241213C00190000,2024-12-13,1.0,190.0,1.4531277344,55.8,57.3,56.55,56.511954,0.03804609
AAPL,AAPL241213C00195000,2024-12-13,1.0,195.0,1.3242221289,50.75,52.35,51.55,51.512681,0.037319245
AAPL,AAPL241213C00200000,2024-12-13,1.0,200.0,1.2949254004,46.25,46.95,46.6,46.516127,0.083872943
AAPL,AAPL241213C00205000,2024-12-13,1.0,205.0,1.1210981445,40.75,42.4,41.575,41.515519,0.059481138
AAPL,AAPL241213C00207500,2024-12-13,1.0,207.5,1.0546922266,38.25,39.9,39.075,39.015901,0.059099107
AAPL,AAPL241213C00210000,2024-12-13,1.0,210.0,1.2177773486,36.25,37.35,36.8,36.540826,0.259174088
AAPL,AAPL241213C00212500,2024-12-13,1.0,212.5,0.9609378906,33.75,34.45,34.1,34.018629,0.081371319
AAPL,AAPL241213C00215000,2024-12-13,1.0,215.0,0.8964854102,30.8,32.4,31.6,31.519286,0.080713808
AAPL,AAPL241213C00217500,2024-12-13,1.0,217.5,0.8574233008,28.8,29.45,29.125,29.022208,0.102791716
AAPL,AAPL241213C00220000,2024-12-13,1.0,220.0,0.6992217578,26.25,26.85,26.55,26.516553,0.033447367
AAPL,AAPL241213C00222500,2024-12-13,1.0,222.5,0.8828136719,23.85,24.9,24.375,24.064836,0.310164202
AAPL,AAPL241213C00225000,2024-12-13,1.0,225.0,0.6093789063,21.3,21.85,21.575,21.519581,0.055419279
AAPL,AAPL241213C00227500,2024-12-13,1.0,227.5,0.5468795313,18.8,19.35,19.075,19.020356,0.054644366
AAPL,AAPL241213C00230000,2024-12-13,1.0,230.0,0.5693402441,16.4,16.7,16.55,16.539561,0.010439041
AAPL,AAPL241213C00232500,2024-12-13,1.0,232.5,0.5312546875,13.9,14.65,14.275,14.058316,0.216683718
AAPL,AAPL241213C00235000,2024-12-13,1.0,235.0,0.4638725488,11.45,11.8,11.625,11.569852,0.055148412
AAPL,AAPL241213C00237500,2024-12-13,1.0,237.5,0.4150449121,8.9,9.4,9.15,9.109079,0.040920663
AAPL,AAPL241213C00240000,2024-12-13,1.0,240.0,0.3291082715,6.65,6.9,6.775,6.624891,0.150108963
AAPL,AAPL241213C00242500,2024-12-13,1.0,242.5,0.2583081982,4.15,4.5,4.325,4.196808,0.12819167
AAPL,AAPL241213C00245000,2024-12-13,1.0,245.0,0.2197343652,2.32,2.45,2.385,2.044931,0.340068954
AAPL,AAPL241213C00247500,2024-12-13,1.0,247.5,0.2058184888,1.0,1.05,1.025,0.641856,0.383144492
AAPL,AAPL241220C00005000,2024-12-20,8.0,5.0,11.3750028906,241.15,242.3,241.725,241.627895,0.097105217
AAPL,AAPL241220C00010000,2024-12-20,8.0,10.0,8.8906294434,236.15,237.25,236.7,236.611184,0.088815799
AAPL,AAPL241220C00015000,2024-12-20,8.0,15.0,7.7578128027,231.15,232.3,231.725,231.630303,0.094696812
AAPL,AAPL241220C00020000,2024-12-20,8.0,20.0,1e-05,207.85,210.45,209.15,226.487567,-17.337566964
AAPL,AAPL241220C00030000,2024-12-20,8.0,30.0,1e-05,212.8,213.7,213.25,216.497425,-3.247425115
AAPL,AAPL241220C00050000,2024-12-20,8.0,50.0,4.398442002,196.2,197.3,196.75,196.67816,0.071840173
AAPL,AAPL241220C00055000,2024-12-20,8.0,55.0,4.2382859521,191.25,192.35,191.8,191.717489,0.082511155
AAPL,AAPL241220C00060000,2024-12-20,8.0,60.0,3.9531251172,186.25,187.3,186.775,186.705067,0.069933439
AAPL,AAPL241220C00065000,2024-12-20,8.0,65.0,3.7773443066,181.25,182.35,181.8,181.726814,0.073185621
AAPL,AAPL241220C00070000,2024-12-20,8.0,70.0,3.5761729346,176.25,177.35,176.8,176.732343,0.067657326
AAPL,AAPL241220C00075000,2024-12-20,8.0,75.0,3.4257826855,171.25,172.4,171.825,171.755292,0.069707673
AAPL,AAPL241220C00080000,2024-12-20,8.0,80.0,1e-05,162.2,163.75,162.975,166.546716,-3.571715872
AAPL,AAPL241220C00085000,2024-12-20,8.0,85.0,1e-05,111.3,112.95,112.125,161.551645,-49.426644947
AAPL,AAPL241220C00090000,2024-12-20,8.0,90.0,2.9257839355,156.3,157.35,156.825,156.769841,0.055158791
AAPL,AAPL241220C00095000,2024-12-20,8.0,95.0,2.7187532031,151.3,152.25,151.775,151.741176,0.033824014
AAPL,AAPL241220C00100000,2024-12-20,8.0,100.0,2.6406283984,146.3,147.35,146.825,146.781206,0.043794487
AAPL,AAPL241220C00105000,2024-12-20,8.0,105.0,1e-05,138.0,138.65,138.325,141.571361,-3.24636125
AAPL,AAPL241220C00110000,2024-12-20,8.0,110.0,2.0078174805,136.3,136.85,136.575,136.624825,-0.049824954
AAPL,AAPL241220C00115000,2024-12-20,8.0,115.0,2.3281291797,131.35,132.45,131.9,131.849918,0.050082179
AAPL,AAPL241220C00120000,2024-12-20,8.0,120.0,2.1894576514,126.35,127.4,126.875,126.838091,0.036909418
AAPL,AAPL241220C00125000,2024-12-20,8.0,125.0,2.0957078857,121.35,122.45,121.9,121.861049,0.038951228
AAPL,AAPL241220C00130000,2024-12-20,8.0,130.0,1.7070327148,115.85,117.4,116.625,116.676691,-0.051690744
AAPL,AAPL241220C00135000,2024-12-20,8.0,135.0,1.6484392578,110.85,112.45,111.65,111.697972,-0.047971645
AAPL,AAPL241220C00140000,2024-12-20,8.0,140.0,1.5878926855,106.45,106.9,106.675,106.720378,-0.045378421
AAPL,AAPL241220C00145000,2024-12-20,8.0,145.0,1.5234398828,100.9,102.5,101.7,101.742175,-0.042175439
AAPL,AAPL241220C00150000,2024-12-20,8.0,150.0,1.4355496973,96.45,96.95,96.7,96.74755,-0.047550215
AAPL,AAPL241220C00155000,2024-12-20,8.0,155.0,1.3281283594,91.45,91.9,91.675,91.73665,-0.061649682
AAPL,AAPL241220C00160000,2024-12-20,8.0,160.0,1.3076206494,86.4,87.1,86.75,86.793899,-0.043898667
AAPL,AAPL241220C00165000,2024-12-20,8.0,165.0,1.224613252,81.4,82.1,81.75,81.799199,-0.049198534
AAPL,AAPL241220C00170000,2024-12-20,8.0,170.0,1.1445355273,76.5,77.0,76.75,76.805389,-0.055388903
AAPL,AAPL241220C00175000,2024-12-20,8.0,175.0,1.0498094385,71.45,72.0,71.725,71.793367,-0.068366933
AAPL,AAPL241220C00180000,2024-12-20,8.0,180.0,0.9199226758,66.4,66.9,66.65,66.745617,-0.095617176
AAPL,AAPL241220C00185000,2024-12-20,8.0,185.0,0.8837902246,61.4,62.0,61.7,61.786436,-0.0864355
AAPL,AAPL241220C00190000,2024-12-20,8.0,190.0,0.8398453516,56.55,56.95,56.75,56.828503,-0.07850319
AAPL,AAPL241220C00195000,2024-12-20,8.0,195.0,0.8110370459,51.65,52.05,51.85,51.908901,-0.058900665
AAPL,AAPL241220C00200000,2024-12-20,8.0,200.0,0.6962920996,46.55,46.95,46.75,46.841002,-0.091002155
AAPL,AAPL241220C00202500,2024-12-20,8.0,202.5,0.6904327832,43.55,45.1,44.325,44.399351,-0.074350896
AAPL,AAPL241220C00205000,2024-12-20,8.0,205.0,0.6357458301,41.55,42.0,41.775,41.86542,-0.090419904
AAPL,AAPL241220C00207500,2024-12-20,8.0,207.5,0.6264685791,38.55,40.15,39.35,39.425071,-0.075071021
AAPL,AAPL241220C00210000,2024-12-20,8.0,210.0,0.5981485498,36.75,37.0,36.875,36.948422,-0.073421878
AAPL,AAPL241220C00212500,2024-12-20,8.0,212.5,0.5615278223,34.05,34.7,34.375,34.451609,-0.076609411
AAPL,AAPL241220C00215000,2024-12-20,8.0,215.0,0.5253953711,31.6,32.15,31.875,31.955914,-0.080914109
AAPL,AAPL241220C00217500,2024-12-20,8.0,217.5,0.5600629932,29.1,29.7,29.4,29.71931,-0.319310195
AAPL,AAPL241220C00220000,2024-12-20,8.0,220.0,0.5109912183,26.65,27.15,26.9,27.183397,-0.283396719
AAPL,AAPL241220C00222500,2024-12-20,8.0,222.5,0.4968312036,24.15,24.8,24.475,24.812254,-0.337254104
AAPL,AAPL241220C00225000,2024-12-20,8.0,225.0,0.4399470068,21.65,22.2,21.925,22.234118,-0.309118102
AAPL,AAPL241220C00227500,2024-12-20,8.0,227.5,0.4216366431,19.15,19.85,19.5,19.866374,-0.366373722
AAPL,AAPL241220C00230000,2024-12-20,8.0,230.0,0.3659731372,16.75,17.25,17.0,17.288334,-0.288333618
AAPL,AAPL241220C00232500,2024-12-20,8.0,232.5,0.3305731006,14.3,14.8,14.55,14.837531,-0.28753078
AAPL,AAPL241220C00235000,2024-12-20,8.0,235.0,0.2815013257,12.0,12.25,12.125,12.301072,-0.176072074
AAPL,AAPL241220C00237500,2024-12-20,8.0,237.5,0.2534254346,9.7,9.9,9.8,9.937642,-0.137641991
AAPL,AAPL241220C00240000,2024-12-20,8.0,240.0,0.228767478,7.5,7.65,7.575,7.669344,-0.094344262
AAPL,AAPL241220C00242500,2024-12-20,8.0,242.5,0.2102129761,5.4,5.6,5.5,5.589941,-0.089940568
AAPL,AAPL241220C00245000,2024-12-20,8.0,245.0,0.2011798633,3.75,3.9,3.825,3.852285,-0.027285077
AAPL,AAPL241220C00247500,2024-12-20,8.0,247.5,0.1917805432,2.39,2.49,2.44,2.419678,0.020321624
AAPL,AAPL241220C00250000,2024-12-20,8.0,250.0,0.1881184705,1.45,1.5,1.475,1.419614,0.055385874
AAPL,AAPL241227C00125000,2024-12-27,15.0,125.0,1.716798291,121.35,123.05,122.2,122.255391,-0.055390798
AAPL,AAPL241227C00130000,2024-12-27,15.0,130.0,1.4453152734,116.5,117.15,116.825,116.95032,-0.125320146
AAPL,AAPL241227C00135000,2024-12-27,15.0,135.0,1.3369173779,111.4,112.15,111.775,111.919315,-0.144315329
AAPL,AAPL241227C00140000,2024-12-27,15.0,140.0,1.2793004785,106.45,107.15,106.8,106.949059,-0.149059226
AAPL,AAPL241227C00150000,2024-12-27,15.0,150.0,1.1386761816,96.4,97.2,96.8,96.967659,-0.167659428
AAPL,AAPL241227C00155000,2024-12-27,15.0,155.0,1.0722702637,91.45,92.15,91.8,91.978105,-0.178105129
AAPL,AAPL241227C00160000,2024-12-27,15.0,160.0,1.0302782861,85.7,88.0,86.85,87.028286,-0.1782856
AAPL,AAPL241227C00170000,2024-12-27,15.0,170.0,0.9033212793,76.45,77.25,76.85,77.048622,-0.198622249
AAPL,AAPL241227C00175000,2024-12-27,15.0,175.0,0.9736330762,70.65,72.3,71.475,72.441651,-0.966650604
AAPL,AAPL241227C00180000,2024-12-27,15.0,180.0,0.6093789063,65.8,67.3,66.55,66.824386,-0.2743864
AAPL,AAPL241227C00185000,2024-12-27,15.0,185.0,0.7465845654,61.55,62.3,61.925,62.139823,-0.214823453
AAPL,AAPL241227C00190000,2024-12-27,15.0,190.0,0.7807639111,56.55,58.1,57.325,57.495325,-0.170324787
AAPL,AAPL241227C00195000,2024-12-27,15.0,195.0,0.7302273071,51.55,53.25,52.4,52.571014,-0.171013876
AAPL,AAPL241227C00200000,2024-12-27,15.0,200.0,0.6401403174,45.9,47.25,46.575,47.449769,-0.87476884
AAPL,AAPL241227C00205000,2024-12-27,15.0,205.0,0.6105995972,41.6,43.3,42.45,42.635954,-0.18595413
AAPL,AAPL241227C00210000,2024-12-27,15.0,210.0,0.5542036768,36.8,38.2,37.5,37.69044,-0.190439641
AAPL,AAPL241227C00215000,2024-12-27,15.0,215.0,0.490727749,31.7,32.5,32.1,32.700885,-0.600884999
AAPL,AAPL241227C00220000,2024-12-27,15.0,220.0,0.4331111377,26.8,27.55,27.175,27.756833,-0.581833441
AAPL,AAPL241227C00225000,2024-12-27,15.0,225.0,0.3789124609,21.95,22.65,22.3,22.85805,-0.558049991
AAPL,AAPL241227C00230000,2024-12-27,15.0,230.0,0.3169013623,17.05,17.7,17.375,17.9134,-0.538400361
AAPL,AAPL241227C00235000,2024-12-27,15.0,235.0,0.2478102563,12.4,12.7,12.55,12.920438,-0.370438429
AAPL,AAPL241227C00240000,2024-12-27,15.0,240.0,0.2085040088,8.05,8.25,8.15,8.432451,-0.282450852
AAPL,AAPL241227C00245000,2024-12-27,15.0,245.0,0.1879964014,4.5,4.65,4.575,4.759679,-0.184678731
AAPL,AAPL241227C00250000,2024-12-27,15.0,250.0,0.1754843195,2.07,2.15,2.11,2.188174,-0.078174421
AAPL,AAPL250103C00140000,2025-01-03,22.0,140.0,1.1523479883,106.5,107.5,107.0,107.240743,-0.240742849
AAPL,AAPL250103C00145000,2025-01-03,22.0,145.0,1.1220747021,101.75,102.45,102.1,102.342605,-0.242605467
AAPL,AAPL250103C00150000,2025-01-03,22.0,150.0,1.1264692114,95.65,99.05,97.35,97.578706,-0.228705589
AAPL,AAPL250103C00160000,2025-01-03,22.0,160.0,0.9997558618,85.6,89.1,87.35,87.605957,-0.255956854
AAPL,AAPL250103C00170000,2025-01-03,22.0,170.0,0.9721682471,76.6,79.15,77.875,78.108453,-0.233452962
AAPL,AAPL250103C00175000,2025-01-03,22.0,175.0,0.913575083,71.65,74.15,72.9,73.146208,-0.246208202
AAPL,AAPL250103C00180000,2025-01-03,22.0,180.0,0.7651390674,65.65,69.05,67.35,67.660596,-0.310595705
AAPL,AAPL250103C00185000,2025-01-03,22.0,185.0,0.7985859985,61.7,64.2,62.95,63.2188,-0.268800354
AAPL,AAPL250103C00190000,2025-01-03,22.0,190.0,0.6337927246,56.75,57.7,57.225,57.574353,-0.349353122
AAPL,AAPL250103C00195000,2025-01-03,22.0,195.0,0.63037479,50.8,54.3,52.55,52.882189,-0.33218893
AAPL,AAPL250103C00200000,2025-01-03,22.0,200.0,0.5556685059,45.5,49.3,47.4,47.759385,-0.359384524
AAPL,AAPL250103C00205000,2025-01-03,22.0,205.0,0.5554243677,40.55,42.85,41.7,43.181687,-1.481687244
AAPL,AAPL250103C00210000,2025-01-03,22.0,210.0,0.5043994873,36.85,37.9,37.375,38.240241,-0.865241254
AAPL,AAPL250103C00215000,2025-01-03,22.0,215.0,0.4572808179,32.0,33.0,32.5,33.344491,-0.844490972
AAPL,AAPL250103C00220000,2025-01-03,22.0,220.0,0.5101367346,26.05,29.55,27.8,29.802007,-2.00200661
AAPL,AAPL250103C00225000,2025-01-03,22.0,225.0,0.3357000024,22.05,22.9,22.475,23.273948,-0.798948022
AAPL,AAPL250103C00230000,2025-01-03,22.0,230.0,0.2884592639,17.55,18.05,17.8,18.421147,-0.62114711
AAPL,AAPL250103C00235000,2025-01-03,22.0,235.0,0.2396316272,12.9,13.25,13.075,13.610833,-0.535833131
AAPL,AAPL250103C00240000,2025-01-03,22.0,240.0,0.2098467688,8.7,9.0,8.85,9.309159,-0.459159232
AAPL,AAPL250103C00245000,2025-01-03,22.0,245.0,0.1896443341,5.3,5.45,5.375,5.680013,-0.305012726
AAPL,AAPL250103C00250000,2025-01-03,22.0,250.0,0.1788412195,2.73,2.91,2.82,3.047192,-0.227192062
AAPL,AAPL250103C00255000,2025-01-03,22.0,255.0,0.1803670831,1.25,1.49,1.37,1.554786,-0.184786468
AAPL,AAPL250110C00105000,2025-01-10,29.0,105.0,1.7119155029,141.6,143.95,142.775,142.935695,-0.160694507
AAPL,AAPL250110C00110000,2025-01-10,29.0,110.0,1.6342791724,136.6,139.0,137.8,137.977195,-0.177195049
AAPL,AAPL250110C00115000,2025-01-10,29.0,115.0,1.5595725146,131.65,134.0,132.825,133.017688,-0.192688034
AAPL,AAPL250110C00120000,2025-01-10,29.0,120.0,1.4877955298,126.65,129.05,127.85,128.058334,-0.208333786
AAPL,AAPL250110C00125000,2025-01-10,29.0,125.0,1.2382850586,121.7,122.6,122.15,122.434644,-0.284643946
AAPL,AAPL250110C00130000,2025-01-10,29.0,130.0,1.1342816724,116.55,117.5,117.025,117.339569,-0.314568535
AAPL,AAPL250110C00135000,2025-01-10,29.0,135.0,0.7578149219,110.4,112.65,111.525,111.917819,-0.392819027
AAPL,AAPL250110C00140000,2025-01-10,29.0,140.0,1.1586956128,105.25,107.6,106.425,107.898425,-1.473424576
AAPL,AAPL250110C00145000,2025-01-10,29.0,145.0,0.9824220508,101.7,102.5,102.1,102.460428,-0.360428389
AAPL,AAPL250110C00150000,2025-01-10,29.0,150.0,0.9638675488,95.3,99.2,97.25,97.612724,-0.362724261
AAPL,AAPL250110C00155000,2025-01-10,29.0,155.0,0.9194343994,91.85,92.75,92.3,92.675513,-0.375512542
AAPL,AAPL250110C00160000,2025-01-10,29.0,160.0,1.0007374182,87.0,89.25,88.125,88.45271,-0.327709568
AAPL,AAPL250110C00165000,2025-01-10,29.0,165.0,0.9384771777,81.95,84.25,83.1,83.447458,-0.347457841
AAPL,AAPL250110C00170000,2025-01-10,29.0,170.0,0.8872081592,77.0,79.3,78.15,78.510066,-0.360066129
AAPL,AAPL250110C00175000,2025-01-10,29.0,175.0,0.7932149585,71.8,73.9,72.85,73.249229,-0.399228659
AAPL,AAPL250110C00180000,2025-01-10,29.0,180.0,0.7070341797,65.8,69.4,67.6,68.036844,-0.436843638
AAPL,AAPL250110C00185000,2025-01-10,29.0,185.0,0.6992217578,61.9,64.0,62.95,63.37574,-0.425739893
AAPL,AAPL250110C00190000,2025-01-10,29.0,190.0,0.5971719971,55.6,59.45,57.525,58.001214,-0.476214292
AAPL,AAPL250110C00195000,2025-01-10,29.0,195.0,0.5517622949,50.6,54.5,52.55,53.040006,-0.490005624
AAPL,AAPL250110C00200000,2025-01-10,29.0,200.0,0.5175829492,45.8,49.55,47.675,48.170836,-0.495835854
AAPL,AAPL250110C00205000,2025-01-10,29.0,205.0,0.5256395093,42.0,44.6,43.3,43.764738,-0.464738079
AAPL,AAPL250110C00210000,2025-01-10,29.0,210.0,0.4541070215,37.1,38.05,37.575,38.546401,-0.97140087
AAPL,AAPL250110C00215000,2025-01-10,29.0,215.0,0.5125781165,31.3,34.7,33.0,35.1078,-2.107800468
AAPL,AAPL250110C00220000,2025-01-10,29.0,220.0,0.4604546143,27.2,29.8,28.5,30.214808,-1.71480768
AAPL,AAPL250110C00225000,2025-01-10,29.0,225.0,0.3343572424,22.7,23.55,23.125,24.04866,-0.923660309
AAPL,AAPL250110C00230000,2025-01-10,29.0,230.0,0.2721630402,17.7,18.4,18.05,18.914734,-0.864734292
AAPL,AAPL250110C00235000,2025-01-10,29.0,235.0,0.2408523181,13.35,13.9,13.625,14.383015,-0.758014516
AAPL,AAPL250110C00240000,2025-01-10,29.0,240.0,0.2237016107,9.3,10.0,9.65,10.414319,-0.76431853
AAPL,AAPL250110C00245000,2025-01-10,29.0,245.0,0.1964802032,6.15,6.3,6.225,6.6368,-0.411800375
AAPL,AAPL250110C00250000,2025-01-10,29.0,250.0,0.1892781268,3.55,3.8,3.675,4.033201,-0.358200583
AAPL,AAPL250110C00255000,2025-01-10,29.0,255.0,0.1862874341,1.72,2.13,1.925,2.272075,-0.347074871
AAPL,AAPL250117C00005000,2025-01-17,36.0,5.0,4.7031291211,241.25,241.85,241.55,241.465169,0.084830527
AAPL,AAPL250117C00010000,2025-01-17,36.0,10.0,4.734379082,236.2,237.5,236.85,236.759485,0.090515354
AAPL,AAPL250117C00015000,2025-01-17,36.0,15.0,4.1425829468,231.2,232.6,231.9,231.826845,0.073155017
AAPL,AAPL250117C00020000,2025-01-17,36.0,20.0,3.6796883008,226.25,227.55,226.9,226.848362,0.051637604
AAPL,AAPL250117C00025000,2025-01-17,36.0,25.0,3.3886734033,221.25,222.65,221.95,221.915041,0.034958608
AAPL,AAPL250117C00030000,2025-01-17,36.0,30.0,3.1054709863,216.3,217.6,216.95,216.935196,0.014804342
AAPL,AAPL250117C00035000,2025-01-17,36.0,35.0,2.916994895,211.3,212.7,212.0,212.003296,-0.003296429
AAPL,AAPL250117C00040000,2025-01-17,36.0,40.0,2.7148469629,206.35,207.65,207.0,207.025215,-0.025215025
AAPL,AAPL250117C00045000,2025-01-17,36.0,45.0,2.5918003955,201.4,202.75,202.075,202.115741,-0.040741394
AAPL,AAPL250117C00050000,2025-01-17,36.0,50.0,2.2656293359,196.55,197.15,196.85,196.930859,-0.080859127
AAPL,AAPL250117C00055000,2025-01-17,36.0,55.0,2.1523483691,191.55,192.2,191.875,191.975027,-0.100026933
AAPL,AAPL250117C00060000,2025-01-17,36.0,60.0,2.0117237207,186.45,187.25,186.85,186.974267,-0.124267296
AAPL,AAPL250117C00065000,2025-01-17,36.0,65.0,1.9531252344,181.5,182.35,181.925,182.064329,-0.13932936
AAPL,AAPL250117C00070000,2025-01-17,36.0,70.0,1.8642584912,176.5,177.4,176.95,177.10947,-0.15946991
AAPL,AAPL250117C00075000,2025-01-17,36.0,75.0,1.7802745361,171.65,172.3,171.975,172.1535,-0.178499616
AAPL,AAPL250117C00080000,2025-01-17,36.0,80.0,1.8115243799,166.6,167.9,167.25,167.426908,-0.176907992
AAPL,AAPL250117C00085000,2025-01-17,36.0,85.0,1.7387708374,161.6,163.0,162.3,162.495739,-0.195739134
AAPL,AAPL250117C00090000,2025-01-17,36.0,90.0,1.5668966968,156.65,157.5,157.075,157.310453,-0.235452588
AAPL,AAPL250117C00095000,2025-01-17,36.0,95.0,1.5083032397,151.8,152.45,152.125,152.378145,-0.253144698
AAPL,AAPL250117C00100000,2025-01-17,36.0,100.0,1.4423856006,146.85,147.45,147.15,147.422829,-0.272828962
AAPL,AAPL250117C00105000,2025-01-17,36.0,105.0,1.3789093555,141.75,142.6,142.175,142.466674,-0.291673666
AAPL,AAPL250117C00110000,2025-01-17,36.0,110.0,1.3105503223,136.85,137.5,137.175,137.488908,-0.313908031
AAPL,AAPL250117C00115000,2025-01-17,36.0,115.0,1.2597693262,131.8,132.65,132.225,132.556071,-0.331071193
AAPL,AAPL250117C00120000,2025-01-17,36.0,120.0,1.2031289844,126.95,127.55,127.25,127.600112,-0.350111602
AAPL,AAPL250117C00125000,2025-01-17,36.0,125.0,1.1489300366,121.95,122.6,122.275,122.646269,-0.371269452
AAPL,AAPL250117C00130000,2025-01-17,36.0,130.0,1.0898483008,117.0,117.55,117.275,117.667756,-0.39275581
AAPL,AAPL250117C00135000,2025-01-17,36.0,135.0,1.0385790259,112.0,112.6,112.3,112.711672,-0.411672013
AAPL,AAPL250117C00140000,2025-01-17,36.0,140.0,1.0043995093,107.05,107.75,107.4,107.824295,-0.424295167
AAPL,AAPL250117C00145000,2025-01-17,36.0,145.0,0.9501958105,102.1,102.7,102.4,102.846217,-0.446216575
AAPL,AAPL250117C00150000,2025-01-17,36.0,150.0,0.8974619629,97.1,97.7,97.4,97.867041,-0.467041032
AAPL,AAPL250117C00155000,2025-01-17,36.0,155.0,0.8596205444,92.15,92.8,92.475,92.957982,-0.482981712
AAPL,AAPL250117C00160000,2025-01-17,36.0,160.0,0.8134784277,87.25,87.75,87.5,88.002544,-0.50254395
AAPL,AAPL250117C00165000,2025-01-17,36.0,165.0,0.7641625146,82.2,82.8,82.5,83.022445,-0.52244481
AAPL,AAPL250117C00170000,2025-01-17,36.0,170.0,0.7304714453,77.3,77.9,77.6,78.135478,-0.535477988
AAPL,AAPL250117C00175000,2025-01-17,36.0,175.0,0.6862824341,72.3,72.95,72.625,73.17947,-0.554470397
AAPL,AAPL250117C00180000,2025-01-17,36.0,180.0,0.6333044482,67.15,68.0,67.575,68.153325,-0.578325159
AAPL,AAPL250117C00185000,2025-01-17,36.0,185.0,0.6054726953,62.4,63.05,62.725,63.313352,-0.588351569
AAPL,AAPL250117C00190000,2025-01-17,36.0,190.0,0.565189895,57.5,58.05,57.775,58.379501,-0.60450143
AAPL,AAPL250117C00195000,2025-01-17,36.0,195.0,0.5200243311,52.5,53.05,52.775,53.398536,-0.623535915
AAPL,AAPL250117C00200000,2025-01-17,36.0,200.0,0.5039112109,47.6,48.1,47.85,48.718398,-0.86839795
AAPL,AAPL250117C00205000,2025-01-17,36.0,205.0,0.4694877271,42.6,43.25,42.925,43.874379,-0.949379033
AAPL,AAPL250117C00210000,2025-01-17,36.0,210.0,0.426885614,37.7,38.3,38.0,38.9388,-0.938799513
AAPL,AAPL250117C00215000,2025-01-17,36.0,215.0,0.386969021,32.8,33.4,33.1,34.046286,-0.946286199
AAPL,AAPL250117C00220000,2025-01-17,36.0,220.0,0.3459538062,27.95,28.5,28.225,29.151839,-0.926838926
AAPL,AAPL250117C00225000,2025-01-17,36.0,225.0,0.3010323804,23.25,23.55,23.4,24.209462,-0.809461624
AAPL,AAPL250117C00230000,2025-01-17,36.0,230.0,0.2664868274,18.65,18.85,18.75,19.495302,-0.745302024
AAPL,AAPL250117C00235000,2025-01-17,36.0,235.0,0.2392043854,14.25,14.45,14.35,15.054829,-0.704828899
AAPL,AAPL250117C00240000,2025-01-17,36.0,240.0,0.2172319489,10.25,10.45,10.35,10.987758,-0.637757643
AAPL,AAPL250117C00245000,2025-01-17,36.0,245.0,0.2027057269,6.95,7.1,7.025,7.540846,-0.515846434
AAPL,AAPL250117C00250000,2025-01-17,36.0,250.0,0.1900105414,4.3,4.4,4.35,4.727597,-0.377597456
AAPL,AAPL250117C00255000,2025-01-17,36.0,255.0,0.1847005359,2.51,2.58,2.545,2.799692,-0.254691841
AAPL,AAPL250117C00260000,2025-01-17,36.0,260.0,0.182137085,1.38,1.42,1.4,1.553322,-0.153322455
AAPL,AAPL250124C00170000,2025-01-24,43.0,170.0,0.7325466199,76.95,79.35,78.15,78.776297,-0.626297117
AAPL,AAPL250124C00195000,2025-01-24,43.0,195.0,0.5258836475,52.5,54.25,53.375,54.100695,-0.725694972
AAPL,AAPL250124C00200000,2025-01-24,43.0,200.0,0.5831340515,46.15,50.0,48.075,50.653982,-2.57898183
AAPL,AAPL250124C00205000,2025-01-24,43.0,205.0,0.5290574438,41.95,44.9,43.425,45.577886,-2.152885942
AAPL,AAPL250124C00215000,2025-01-24,43.0,215.0,0.4058897302,32.1,34.35,33.225,35.089346,-1.864345849
AAPL,AAPL250124C00220000,2025-01-24,43.0,220.0,0.3913635083,27.55,30.05,28.8,30.765422,-1.965421805
AAPL,AAPL250124C00225000,2025-01-24,43.0,225.0,0.3484562225,22.75,25.2,23.975,25.915282,-1.940281699
AAPL,AAPL250124C00230000,2025-01-24,43.0,230.0,0.2808299457,18.9,19.75,19.325,20.492786,-1.167786497
AAPL,AAPL250124C00235000,2025-01-24,43.0,235.0,0.2618482019,14.3,15.65,14.975,16.340502,-1.365502361
AAPL,AAPL250124C00240000,2025-01-24,43.0,240.0,0.2324295508,10.4,11.5,10.95,12.131038,-1.18103784
AAPL,AAPL250124C00245000,2025-01-24,43.0,245.0,0.2154009125,7.5,8.1,7.8,8.636965,-0.836965145
AAPL,AAPL250124C00250000,2025-01-24,43.0,250.0,0.198128136,4.95,5.2,5.075,5.623308,-0.54830757
AAPL,AAPL250124C00255000,2025-01-24,43.0,255.0,0.1966022723,2.87,3.4,3.135,3.705711,-0.570711002
AAPL,AAPL250124C00260000,2025-01-24,43.0,260.0,0.1913533014,1.7,2.01,1.855,2.215228,-0.360227789
AAPL,AAPL250124C00265000,2025-01-24,43.0,265.0,0.1919026123,1.0,1.2,1.1,1.32975,-0.229749913
AAPL,AAPL250221C00100000,2025-02-21,71.0,100.0,1.0859420703,147.0,147.75,147.375,147.973655,-0.598654734
AAPL,AAPL250221C00105000,2025-02-21,71.0,105.0,1e-05,138.85,139.55,139.2,142.208593,-3.008592777
AAPL,AAPL250221C00110000,2025-02-21,71.0,110.0,1.058598457,137.1,138.55,137.825,138.479042,-0.654042354
AAPL,AAPL250221C00115000,2025-02-21,71.0,115.0,0.954834436,132.15,132.85,132.5,133.215493,-0.715492993
AAPL,AAPL250221C00120000,2025-02-21,71.0,120.0,0.9311530322,127.2,128.1,127.65,128.398254,-0.748253898
AAPL,AAPL250221C00125000,2025-02-21,71.0,125.0,0.8879405737,121.6,123.75,122.675,123.4623,-0.787300446
AAPL,AAPL250221C00130000,2025-02-21,71.0,130.0,0.8496108789,116.7,118.75,117.725,118.54973,-0.824730415
AAPL,AAPL250221C00135000,2025-02-21,71.0,135.0,0.8154315332,111.7,113.9,112.8,113.660854,-0.860854353
AAPL,AAPL250221C00140000,2025-02-21,71.0,140.0,0.7727073511,107.5,108.1,107.8,108.700903,-0.900903337
AAPL,AAPL250221C00145000,2025-02-21,71.0,145.0,0.7816183948,102.55,104.0,103.275,104.186408,-0.911408434
AAPL,AAPL250221C00150000,2025-02-21,71.0,150.0,0.7441431836,97.65,99.0,98.325,99.272844,-0.947843912
AAPL,AAPL250221C00155000,2025-02-21,71.0,155.0,0.7117948743,92.7,94.15,93.425,94.40602,-0.981019961
AAPL,AAPL250221C00160000,2025-02-21,71.0,160.0,0.6201209863,87.1,88.6,87.85,88.908994,-1.058993509
AAPL,AAPL250221C00165000,2025-02-21,71.0,165.0,0.6098671826,82.85,83.45,83.15,84.226845,-1.076844888
AAPL,AAPL250221C00170000,2025-02-21,71.0,170.0,0.5786174951,77.9,78.55,78.225,79.335272,-1.110271717
AAPL,AAPL250221C00175000,2025-02-21,71.0,175.0,0.5493209131,73.0,73.65,73.325,74.465552,-1.140552158
AAPL,AAPL250221C00180000,2025-02-21,71.0,180.0,0.5250291638,68.15,68.85,68.5,69.665483,-1.165483265
AAPL,AAPL250221C00185000,2025-02-21,71.0,185.0,0.513310531,63.2,63.9,63.55,65.074196,-1.524195589
AAPL,AAPL250221C00190000,2025-02-21,71.0,190.0,0.4847463635,58.35,59.05,58.7,60.246883,-1.546883097
AAPL,AAPL250221C00195000,2025-02-21,71.0,195.0,0.4558159888,53.45,54.2,53.825,55.419713,-1.594712782
AAPL,AAPL250221C00200000,2025-02-21,71.0,200.0,0.4168759485,48.65,49.15,48.9,50.40417,-1.504169916
AAPL,AAPL250221C00205000,2025-02-21,71.0,205.0,0.3986266193,43.95,44.55,44.25,45.806554,-1.556553503
AAPL,AAPL250221C00210000,2025-02-21,71.0,210.0,0.3678652081,39.2,39.7,39.45,40.971462,-1.521461881
AAPL,AAPL250221C00215000,2025-02-21,71.0,215.0,0.3401555243,34.65,34.95,34.8,36.226734,-1.426734086
AAPL,AAPL250221C00220000,2025-02-21,71.0,220.0,0.3177558459,30.15,30.4,30.275,31.663268,-1.388267624
AAPL,AAPL250221C00225000,2025-02-21,71.0,225.0,0.2988351367,25.7,26.05,25.875,27.28388,-1.408879964
AAPL,AAPL250221C00230000,2025-02-21,71.0,230.0,0.2816233948,21.7,21.9,21.8,23.086139,-1.28613904
AAPL,AAPL250221C00235000,2025-02-21,71.0,235.0,0.265998551,17.8,18.0,17.9,19.117295,-1.21729532
AAPL,AAPL250221C00240000,2025-02-21,71.0,240.0,0.2541578491,14.3,14.5,14.4,15.525482,-1.125481531
AAPL,AAPL250221C00245000,2025-02-21,71.0,245.0,0.2432326654,11.2,11.35,11.275,12.265753,-0.990753377
AAPL,AAPL250221C00250000,2025-02-21,71.0,250.0,0.2344436908,8.55,8.65,8.6,9.441095,-0.84109517
AAPL,AAPL250221C00255000,2025-02-21,71.0,255.0,0.2283402362,6.35,6.45,6.4,7.110717,-0.710717489
AAPL,AAPL250221C00260000,2025-02-21,71.0,260.0,0.2239152316,4.6,4.7,4.65,5.234384,-0.58438358
AAPL,AAPL250221C00265000,2025-02-21,71.0,265.0,0.220710918,3.25,3.35,3.3,3.767822,-0.46782227
AAPL,AAPL250221C00270000,2025-02-21,71.0,270.0,0.2185136743,2.27,2.34,2.305,2.65758,-0.352580381
AAPL,AAPL250221C00275000,2025-02-21,71.0,275.0,0.2180864325,1.55,1.63,1.59,1.865899,-0.27589857
AAPL,AAPL250221C00280000,2025-02-21,71.0,280.0,0.218147467,1.08,1.12,1.1,1.292494,-0.192494154
AAPL,AAPL250321C00005000,2025-03-21,99.0,5.0,2.9765650586,241.15,242.0,241.575,241.355625,0.219375361
AAPL,AAPL250321C00020000,2025-03-21,99.0,20.0,2.3125042187,226.3,227.7,227.0,226.936169,0.063831379
AAPL,AAPL250321C00040000,2025-03-21,99.0,40.0,1e-05,189.85,192.35,191.1,206.701294,-15.601293759
AAPL,AAPL250321C00045000,2025-03-21,99.0,45.0,1e-05,179.7,182.3,181.0,201.76195,-20.761950232
AAPL,AAPL250321C00050000,2025-03-21,99.0,50.0,1e-05,178.55,181.4,179.975,196.822607,-16.847606706
AAPL,AAPL250321C00055000,2025-03-21,99.0,55.0,1.3920928833,191.7,192.45,192.075,192.420925,-0.345924858
AAPL,AAPL250321C00060000,2025-03-21,99.0,60.0,1.4233427271,186.75,188.15,187.45,187.832178,-0.382178404
AAPL,AAPL250321C00065000,2025-03-21,99.0,65.0,1.375003125,181.85,183.3,182.575,183.010335,-0.435334829
AAPL,AAPL250321C00070000,2025-03-21,99.0,70.0,1.3071323706,176.9,178.3,177.6,178.091964,-0.49196359
AAPL,AAPL250321C00075000,2025-03-21,99.0,75.0,1.1911661536,172.0,172.75,172.375,172.938285,-0.563285208
AAPL,AAPL250321C00080000,2025-03-21,99.0,80.0,1.1411175757,167.05,167.8,167.425,168.044489,-0.619488784
AAPL,AAPL250321C00085000,2025-03-21,99.0,85.0,1.1030318286,162.15,162.9,162.525,163.196509,-0.671509373
AAPL,AAPL250321C00090000,2025-03-21,99.0,90.0,1.0654343604,156.65,158.6,157.625,158.347352,-0.722351573
AAPL,AAPL250321C00095000,2025-03-21,99.0,95.0,1e-05,128.7,129.2,128.95,152.368515,-23.418514968
AAPL,AAPL250321C00100000,2025-03-21,99.0,100.0,0.9785158398,147.35,148.1,147.725,148.558408,-0.833408222
AAPL,AAPL250321C00105000,2025-03-21,99.0,105.0,0.9890137817,142.45,143.9,143.175,144.037785,-0.862784881
AAPL,AAPL250321C00110000,2025-03-21,99.0,110.0,0.910889563,137.6,138.25,137.925,138.859992,-0.934992024
AAPL,AAPL250321C00115000,2025-03-21,99.0,115.0,0.87500125,132.65,133.35,133.0,133.986914,-0.986914096
AAPL,AAPL250321C00120000,2025-03-21,99.0,120.0,0.8400894897,127.7,128.45,128.075,129.113756,-1.038755819
AAPL,AAPL250321C00125000,2025-03-21,99.0,125.0,1e-05,112.4,112.9,112.65,122.732454,-10.082453809
AAPL,AAPL250321C00130000,2025-03-21,99.0,130.0,0.7846701221,117.95,118.75,118.35,119.48499,-1.134989863
AAPL,AAPL250321C00135000,2025-03-21,99.0,135.0,0.7403590417,113.0,113.6,113.3,114.49308,-1.193080013
AAPL,AAPL250321C00140000,2025-03-21,99.0,140.0,0.7126493579,108.05,108.8,108.425,109.664859,-1.239858751
AAPL,AAPL250321C00145000,2025-03-21,99.0,145.0,0.6982452051,103.15,104.3,103.725,105.000226,-1.275226165
AAPL,AAPL250321C00150000,2025-03-21,99.0,150.0,0.6593051648,98.3,99.1,98.7,100.031266,-1.331266113
AAPL,AAPL250321C00155000,2025-03-21,99.0,155.0,0.6198768481,93.35,93.95,93.65,95.038647,-1.388646788
AAPL,AAPL250321C00160000,2025-03-21,99.0,160.0,0.593143717,88.45,89.1,88.775,90.207979,-1.43297897
AAPL,AAPL250321C00165000,2025-03-21,99.0,165.0,0.5664105859,83.55,84.25,83.9,85.376245,-1.476244989
AAPL,AAPL250321C00170000,2025-03-21,99.0,170.0,0.5354050366,78.6,79.3,78.95,80.473141,-1.523140546
AAPL,AAPL250321C00175000,2025-03-21,99.0,175.0,0.5116015637,73.8,74.45,74.125,75.68576,-1.560759655
AAPL,AAPL250321C00180000,2025-03-21,99.0,180.0,0.5087939746,69.05,69.75,69.4,71.316909,-1.916908797
AAPL,AAPL250321C00185000,2025-03-21,99.0,185.0,0.4729056616,64.1,64.7,64.4,66.31592,-1.915920363
AAPL,AAPL250321C00190000,2025-03-21,99.0,190.0,0.4483087396,59.25,59.9,59.575,61.547394,-1.97239354
AAPL,AAPL250321C00195000,2025-03-21,99.0,195.0,0.4270076831,54.5,55.2,54.85,56.868371,-2.018371152
AAPL,AAPL250321C00200000,2025-03-21,99.0,200.0,0.4047300739,49.9,50.5,50.2,52.187838,-1.987837976
AAPL,AAPL250321C00205000,2025-03-21,99.0,205.0,0.3731752136,45.2,45.55,45.375,47.270722,-1.895721636
AAPL,AAPL250321C00210000,2025-03-21,99.0,210.0,0.3525455371,40.6,40.95,40.775,42.674629,-1.899628791
AAPL,AAPL250321C00215000,2025-03-21,99.0,215.0,0.3331975861,36.1,36.45,36.275,38.165884,-1.890883942
AAPL,AAPL250321C00220000,2025-03-21,99.0,220.0,0.3132392896,31.75,32.0,31.875,33.699002,-1.824001546
AAPL,AAPL250321C00225000,2025-03-21,99.0,225.0,0.297187204,27.55,27.8,27.675,29.459612,-1.784612321
AAPL,AAPL250321C00230000,2025-03-21,99.0,230.0,0.282538913,23.6,23.8,23.7,25.40051,-1.700510027
AAPL,AAPL250321C00235000,2025-03-21,99.0,235.0,0.2694470029,19.85,20.05,19.95,21.569043,-1.619043009
AAPL,AAPL250321C00240000,2025-03-21,99.0,240.0,0.2580640601,16.4,16.6,16.5,18.018125,-1.518124519
AAPL,AAPL250321C00245000,2025-03-21,99.0,245.0,0.2483900845,13.3,13.5,13.4,14.794331,-1.394330545
AAPL,AAPL250321C00250000,2025-03-21,99.0,250.0,0.2398147308,10.6,10.75,10.675,11.906802,-1.231802193
AAPL,AAPL250321C00260000,2025-03-21,99.0,260.0,0.2284012708,6.4,6.5,6.45,7.35864,-0.908639912
AAPL,AAPL250321C00270000,2025-03-21,99.0,270.0,0.2219010916,3.6,3.7,3.65,4.282838,-0.632837767
AAPL,AAPL250321C00280000,2025-03-21,99.0,280.0,0.2191240198,1.97,2.02,1.995,2.386819,-0.391819411
AAPL,AAPL250321C00290000,2025-03-21,99.0,290.0,0.2204667798,1.06,1.11,1.085,1.331189,-0.246188952
AAPL,AAPL250417C00110000,2025-04-17,126.0,110.0,0.8520522607,138.0,138.7,138.35,139.525304,-1.175303984
AAPL,AAPL250417C00115000,2025-04-17,126.0,115.0,0.8520522607,133.05,134.6,133.825,135.042514,-1.217513889
AAPL,AAPL250417C00120000,2025-04-17,126.0,120.0,0.8164080859,128.15,129.65,128.9,130.182333,-1.282332894
AAPL,AAPL250417C00125000,2025-04-17,126.0,125.0,0.75537354,123.25,124.0,123.625,124.996743,-1.371743455
AAPL,AAPL250417C00130000,2025-04-17,126.0,130.0,0.7308376526,118.45,119.15,118.8,120.229943,-1.429942614
AAPL,AAPL250417C00135000,2025-04-17,126.0,135.0,0.7010527942,113.45,114.35,113.9,115.392654,-1.492653542
AAPL,AAPL250417C00140000,2025-04-17,126.0,140.0,0.6734651794,108.6,109.45,109.025,110.577977,-1.552977277
AAPL,AAPL250417C00145000,2025-04-17,126.0,145.0,0.6446568738,103.05,105.2,104.125,105.738549,-1.613548835
AAPL,AAPL250417C00150000,2025-04-17,126.0,150.0,0.6003457935,98.2,99.7,98.95,100.644898,-1.694898016
AAPL,AAPL250417C00155000,2025-04-17,126.0,155.0,0.5899699207,93.25,95.45,94.35,96.082907,-1.732906871
AAPL,AAPL250417C00160000,2025-04-17,126.0,160.0,0.5521285022,88.45,90.05,89.25,91.055571,-1.805570641
AAPL,AAPL250417C00165000,2025-04-17,126.0,165.0,0.5230760583,83.55,85.05,84.3,86.166923,-1.866922645
AAPL,AAPL250417C00170000,2025-04-17,126.0,170.0,0.5015918982,78.75,80.25,79.5,81.415949,-1.915949008
AAPL,AAPL250417C00175000,2025-04-17,126.0,175.0,0.506596731,74.55,75.35,74.95,77.264529,-2.314528836
AAPL,AAPL250417C00180000,2025-04-17,126.0,180.0,0.480779118,69.75,70.5,70.125,72.462355,-2.337355082
AAPL,AAPL250417C00185000,2025-04-17,126.0,185.0,0.4603325452,64.95,65.8,65.375,67.798238,-2.423237677
AAPL,AAPL250417C00190000,2025-04-17,126.0,190.0,0.430913894,60.15,60.85,60.5,62.898387,-2.398386644
AAPL,AAPL250417C00195000,2025-04-17,126.0,195.0,0.4128476685,55.5,56.25,55.875,58.321834,-2.446834178
AAPL,AAPL250417C00200000,2025-04-17,126.0,200.0,0.3833985001,51.0,51.3,51.15,53.414548,-2.264547883
AAPL,AAPL250417C00205000,2025-04-17,126.0,205.0,0.3665834827,46.4,46.8,46.6,48.920901,-2.320901476
AAPL,AAPL250417C00210000,2025-04-17,126.0,210.0,0.3483341534,41.85,42.3,42.075,44.423351,-2.348351236
AAPL,AAPL250417C00215000,2025-04-17,126.0,215.0,0.3286199951,37.55,37.8,37.675,39.917698,-2.24269803
AAPL,AAPL250417C00220000,2025-04-17,126.0,220.0,0.3130561859,33.3,33.55,33.425,35.638883,-2.213882783
AAPL,AAPL250417C00225000,2025-04-17,126.0,225.0,0.2984689294,29.2,29.45,29.325,31.49455,-2.169549551
AAPL,AAPL250417C00230000,2025-04-17,126.0,230.0,0.2851633984,25.3,25.55,25.425,27.52676,-2.101760403
AAPL,AAPL250417C00235000,2025-04-17,126.0,235.0,0.272590282,21.65,21.85,21.75,23.740595,-1.990594775
AAPL,AAPL250417C00240000,2025-04-17,126.0,240.0,0.2628247546,18.3,18.5,18.4,20.280143,-1.88014284
AAPL,AAPL250417C00245000,2025-04-17,126.0,245.0,0.2533644,15.2,15.4,15.3,17.049677,-1.749676967
AAPL,AAPL250417C00250000,2025-04-17,126.0,250.0,0.2455824954,12.5,12.65,12.575,14.154061,-1.579061019
AAPL,AAPL250417C00255000,2025-04-17,126.0,255.0,0.2390823163,10.1,10.25,10.175,11.594492,-1.419492186
AAPL,AAPL250417C00260000,2025-04-17,126.0,260.0,0.2338333453,8.05,8.2,8.125,9.380687,-1.255687188
AAPL,AAPL250417C00265000,2025-04-17,126.0,265.0,0.2300186862,6.35,6.5,6.425,7.520495,-1.09549533
AAPL,AAPL250417C00270000,2025-04-17,126.0,270.0,0.2270585107,4.95,5.1,5.025,5.966791,-0.941790764
AAPL,AAPL250417C00275000,2025-04-17,126.0,275.0,0.2244950598,3.85,3.95,3.9,4.674697,-0.774697013
AAPL,AAPL250417C00280000,2025-04-17,126.0,280.0,0.2229691962,2.94,3.05,2.995,3.646445,-0.651444662
AAPL,AAPL250417C00285000,2025-04-17,126.0,285.0,0.221717988,2.27,2.33,2.3,2.816191,-0.516190626
AAPL,AAPL250417C00290000,2025-04-17,126.0,290.0,0.2212602289,1.74,1.78,1.76,2.172615,-0.41261525
AAPL,AAPL250417C00295000,2025-04-17,126.0,295.0,0.2217485052,1.33,1.37,1.35,1.685507,-0.335507411
AAPL,AAPL250417C00300000,2025-04-17,126.0,300.0,0.2219316089,1.02,1.04,1.03,1.291846,-0.261846198
AAPL,AAPL250620C00005000,2025-06-20,190.0,5.0,2.2226606934,241.15,242.05,241.6,241.18178,0.41821991
AAPL,AAPL250620C00040000,2025-06-20,190.0,40.0,1.2641638354,206.1,208.35,207.225,207.55879,-0.333789977
AAPL,AAPL250620C00045000,2025-06-20,190.0,45.0,1e-05,197.7,200.0,198.85,202.00635,-3.156349894
AAPL,AAPL250620C00050000,2025-06-20,190.0,50.0,1.1543011035,196.95,197.9,197.425,197.969177,-0.544177392
AAPL,AAPL250620C00055000,2025-06-20,190.0,55.0,1.1149946594,192.1,193.05,192.575,193.220698,-0.645698044
AAPL,AAPL250620C00060000,2025-06-20,190.0,60.0,1.0727585425,187.25,188.15,187.7,188.448145,-0.748144791
AAPL,AAPL250620C00065000,2025-06-20,190.0,65.0,1e-05,162.05,165.75,163.9,182.469398,-18.569398494
AAPL,AAPL250620C00070000,2025-06-20,190.0,70.0,1.0009815576,177.5,178.5,178.0,178.948335,-0.948334742
AAPL,AAPL250620C00075000,2025-06-20,190.0,75.0,0.9610599597,172.65,173.55,173.1,174.15148,-1.05148035
AAPL,AAPL250620C00080000,2025-06-20,190.0,80.0,1e-05,163.45,165.6,164.525,167.816685,-3.291684944
AAPL,AAPL250620C00085000,2025-06-20,190.0,85.0,1e-05,158.35,160.9,159.625,162.932447,-3.307447094
AAPL,AAPL250620C00090000,2025-06-20,190.0,90.0,0.8664564136,158.05,159.05,158.55,159.896584,-1.346584201
AAPL,AAPL250620C00095000,2025-06-20,190.0,95.0,0.8345963806,153.2,154.15,153.675,155.120019,-1.445018816
AAPL,AAPL250620C00100000,2025-06-20,190.0,100.0,0.8095722168,148.4,149.35,148.875,150.412468,-1.537468252
AAPL,AAPL250620C00105000,2025-06-20,190.0,105.0,0.7777121838,143.45,144.5,143.975,145.612093,-1.637093113
AAPL,AAPL250620C00110000,2025-06-20,190.0,110.0,0.7502466382,138.6,139.65,139.125,140.856178,-1.731178393
AAPL,AAPL250620C00115000,2025-06-20,190.0,115.0,0.7281521326,133.9,134.8,134.35,136.170933,-1.820933164
AAPL,AAPL250620C00120000,2025-06-20,190.0,120.0,0.6944610632,128.9,129.85,129.375,131.298757,-1.92375728
AAPL,AAPL250620C00125000,2025-06-20,190.0,125.0,0.6702913831,124.1,125.0,124.55,126.563445,-2.013445312
AAPL,AAPL250620C00130000,2025-06-20,190.0,130.0,0.6489903265,119.3,120.25,119.775,121.873626,-2.098626119
AAPL,AAPL250620C00135000,2025-06-20,190.0,135.0,0.6241492664,114.5,115.35,114.925,117.114339,-2.189338839
AAPL,AAPL250620C00140000,2025-06-20,190.0,140.0,0.5996744135,109.65,110.5,110.075,112.352689,-2.277689168
AAPL,AAPL250620C00145000,2025-06-20,190.0,145.0,0.5755657678,104.8,105.65,105.225,107.589182,-2.364181746
AAPL,AAPL250620C00150000,2025-06-20,190.0,150.0,0.557804715,100.05,101.0,100.525,102.963133,-2.438132748
AAPL,AAPL250620C00155000,2025-06-20,190.0,155.0,0.5350388293,95.2,96.2,95.7,98.220812,-2.520811542
AAPL,AAPL250620C00160000,2025-06-20,190.0,160.0,0.5141650146,90.4,91.45,90.925,93.521007,-2.596006716
AAPL,AAPL250620C00165000,2025-06-20,190.0,165.0,0.5062915582,85.7,86.55,86.125,89.18827,-3.063269534
AAPL,AAPL250620C00170000,2025-06-20,190.0,170.0,0.4824270508,80.95,81.7,81.325,84.415744,-3.090743846
AAPL,AAPL250620C00175000,2025-06-20,190.0,175.0,0.4659477234,76.2,77.1,76.65,79.869979,-3.219979225
AAPL,AAPL250620C00180000,2025-06-20,190.0,180.0,0.4448297705,71.65,72.35,72.0,75.181882,-3.18188229
AAPL,AAPL250620C00185000,2025-06-20,190.0,185.0,0.4287471677,66.9,67.8,67.35,70.676298,-3.326297751
AAPL,AAPL250620C00190000,2025-06-20,190.0,190.0,0.4047911084,62.5,62.95,62.725,65.889871,-3.164870777
AAPL,AAPL250620C00195000,2025-06-20,190.0,195.0,0.3855041919,57.95,58.3,58.125,61.283027,-3.158026558
AAPL,AAPL250620C00200000,2025-06-20,190.0,200.0,0.3711305563,53.55,53.9,53.725,56.900015,-3.175015111
AAPL,AAPL250620C00205000,2025-06-20,190.0,205.0,0.3557193335,49.15,49.5,49.325,52.51122,-3.18622004
AAPL,AAPL250620C00210000,2025-06-20,190.0,210.0,0.3412236288,44.95,45.2,45.075,48.208987,-3.133986807
AAPL,AAPL250620C00215000,2025-06-20,190.0,215.0,0.3291082715,40.8,41.1,40.95,44.08463,-3.13462978
AAPL,AAPL250620C00220000,2025-06-20,190.0,220.0,0.3162604996,36.8,37.05,36.925,39.997397,-3.072396826
AAPL,AAPL250620C00225000,2025-06-20,190.0,225.0,0.3058541095,32.95,33.25,33.1,36.135977,-3.0359769
AAPL,AAPL250620C00230000,2025-06-20,190.0,230.0,0.2950204776,29.3,29.55,29.425,32.358785,-2.93378476
AAPL,AAPL250620C00235000,2025-06-20,190.0,235.0,0.2858347784,25.85,26.1,25.975,28.808673,-2.833673498
AAPL,AAPL250620C00240000,2025-06-20,190.0,240.0,0.2772289075,22.6,22.85,22.725,25.441651,-2.716651332
AAPL,AAPL250620C00245000,2025-06-20,190.0,245.0,0.2695995892,19.6,19.85,19.725,22.303005,-2.578004579
AAPL,AAPL250620C00250000,2025-06-20,190.0,250.0,0.2627942374,16.85,17.1,16.975,19.400365,-2.425365327
AAPL,AAPL250620C00260000,2025-06-20,190.0,260.0,0.2524183646,12.25,12.45,12.35,14.408238,-2.058238466
AAPL,AAPL250620C00270000,2025-06-20,190.0,270.0,0.2444838736,8.65,8.8,8.725,10.399394,-1.674394351
AAPL,AAPL250620C00280000,2025-06-20,190.0,280.0,0.2393569717,5.95,6.1,6.025,7.359793,-1.334792867
AAPL,AAPL250620C00290000,2025-06-20,190.0,290.0,0.2348709326,4.0,4.1,4.05,5.054448,-1.004448214
AAPL,AAPL250620C00300000,2025-06-20,190.0,300.0,0.2331619653,2.7,2.76,2.73,3.468306,-0.738306237
AAPL,AAPL250620C00310000,2025-06-20,190.0,310.0,0.2329788617,1.81,1.86,1.835,2.377772,-0.542771671
AAPL,AAPL250620C00320000,2025-06-20,190.0,320.0,0.2342605872,1.22,1.27,1.245,1.646353,-0.401352737
AAPL,AAPL250718C00120000,2025-07-18,218.0,120.0,0.6733431104,129.2,130.5,129.85,132.021963,-2.171962641
AAPL,AAPL250718C00135000,2025-07-18,218.0,135.0,0.6042520044,115.0,115.85,115.425,117.897812,-2.472811957
AAPL,AAPL250718C00150000,2025-07-18,218.0,150.0,0.5405319385,100.55,101.6,101.075,103.83097,-2.755970166
AAPL,AAPL250718C00155000,2025-07-18,218.0,155.0,0.5181932947,95.65,96.85,96.25,99.100036,-2.850036467
AAPL,AAPL250718C00165000,2025-07-18,218.0,165.0,0.4959156854,86.35,87.35,86.85,90.315135,-3.465134626
AAPL,AAPL250718C00175000,2025-07-18,218.0,175.0,0.4583184052,77.1,78.0,77.55,81.108133,-3.558132519
AAPL,AAPL250718C00180000,2025-07-18,218.0,180.0,0.4398859723,72.15,73.35,72.75,76.524153,-3.774152673
AAPL,AAPL250718C00185000,2025-07-18,218.0,185.0,0.4211483667,67.6,68.7,68.15,71.934275,-3.784275015
AAPL,AAPL250718C00190000,2025-07-18,218.0,190.0,0.4032042102,63.4,64.1,63.75,67.384893,-3.634892926
AAPL,AAPL250718C00195000,2025-07-18,218.0,195.0,0.3859314337,58.85,59.55,59.2,62.877939,-3.677938704
AAPL,AAPL250718C00200000,2025-07-18,218.0,200.0,0.3700319345,54.45,55.1,54.775,58.454658,-3.679658361
AAPL,AAPL250718C00205000,2025-07-18,218.0,205.0,0.3570926108,50.2,50.85,50.525,54.210376,-3.685375815
AAPL,AAPL250718C00210000,2025-07-18,218.0,210.0,0.3499210516,46.0,47.0,46.5,50.328901,-3.828901134
AAPL,AAPL250718C00215000,2025-07-18,218.0,215.0,0.3345098288,42.05,42.75,42.4,46.069404,-3.669404097
AAPL,AAPL250718C00220000,2025-07-18,218.0,220.0,0.3173286041,38.1,38.45,38.275,41.754416,-3.479416482
AAPL,AAPL250718C00225000,2025-07-18,218.0,225.0,0.3132698068,34.3,35.1,34.7,38.316591,-3.616590766
AAPL,AAPL250718C00230000,2025-07-18,218.0,230.0,0.3027718649,30.65,31.45,31.05,34.590753,-3.540753254
AAPL,AAPL250718C00235000,2025-07-18,218.0,235.0,0.2946542703,27.1,28.1,27.6,31.139365,-3.539365047
AAPL,AAPL250718C00240000,2025-07-18,218.0,240.0,0.2831492584,24.05,24.65,24.35,27.579765,-3.22976494
AAPL,AAPL250718C00245000,2025-07-18,218.0,245.0,0.2782664948,21.05,21.85,21.45,24.638116,-3.188116387
AAPL,AAPL250718C00250000,2025-07-18,218.0,250.0,0.2657544128,18.4,18.65,18.525,21.292042,-2.767042055
AAPL,AAPL250718C00255000,2025-07-18,218.0,255.0,0.2606885455,15.9,16.2,16.05,18.670521,-2.620521204
AAPL,AAPL250718C00260000,2025-07-18,218.0,260.0,0.2550733673,13.65,13.9,13.775,16.190182,-2.415182047
AAPL,AAPL250718C00265000,2025-07-18,218.0,265.0,0.2556531955,11.65,12.25,11.95,14.362171,-2.41217146
AAPL,AAPL250718C00270000,2025-07-18,218.0,270.0,0.2468337036,9.9,10.1,10.0,12.016479,-2.016479067
AAPL,AAPL250718C00275000,2025-07-18,218.0,275.0,0.2473830145,8.35,8.8,8.575,10.54176,-1.966760049
AAPL,AAPL250718C00280000,2025-07-18,218.0,280.0,0.2417983536,6.9,7.25,7.075,8.803769,-1.728768764
AAPL,AAPL250718C00285000,2025-07-18,218.0,285.0,0.2389602472,5.9,6.05,5.975,7.429728,-1.454727731
AAPL,AAPL250718C00290000,2025-07-18,218.0,290.0,0.2369766245,4.9,5.05,4.975,6.26772,-1.292720138
AAPL,AAPL250718C00295000,2025-07-18,218.0,295.0,0.2363052444,4.05,4.25,4.15,5.323588,-1.173587744
AAPL,AAPL250718C00300000,2025-07-18,218.0,300.0,0.2343216217,3.35,3.5,3.425,4.43171,-1.006710303
AAPL,AAPL250718C00305000,2025-07-18,218.0,305.0,0.2340774835,2.55,2.93,2.74,3.74455,-1.004550223
AAPL,AAPL250718C00310000,2025-07-18,218.0,310.0,0.2331619653,2.13,2.42,2.275,3.122637,-0.847637251
AAPL,AAPL250718C00315000,2025-07-18,218.0,315.0,0.2414321463,1.74,2.31,2.025,2.964372,-0.939371667
AAPL,AAPL250718C00320000,2025-07-18,218.0,320.0,0.2335281726,1.41,1.69,1.55,2.216024,-0.666023548
AAPL,AAPL250718C00325000,2025-07-18,218.0,325.0,0.2429885272,1.13,1.67,1.4,2.17114,-0.771140332
AAPL,AAPL250718C00330000,2025-07-18,218.0,330.0,0.2347488635,1.11,1.19,1.15,1.581837,-0.431836953
AAPL,AAPL250815C00105000,2025-08-15,246.0,105.0,0.7474390491,144.15,146.05,145.1,147.128083,-2.028083206
AAPL,AAPL250815C00110000,2025-08-15,246.0,110.0,1e-05,123.05,124.9,123.975,139.095899,-15.12089853
AAPL,AAPL250815C00115000,2025-08-15,246.0,115.0,0.5742230078,129.3,133.25,131.275,135.728496,-4.453495752
AAPL,AAPL250815C00120000,2025-08-15,246.0,120.0,0.6513706738,129.7,130.75,130.225,132.645588,-2.420588063
AAPL,AAPL250815C00130000,2025-08-15,246.0,130.0,0.608341319,120.15,121.2,120.675,123.31839,-2.643390331
AAPL,AAPL250815C00140000,2025-08-15,246.0,140.0,0.5662274823,110.6,111.65,111.125,113.984084,-2.859084277
AAPL,AAPL250815C00145000,2025-08-15,246.0,145.0,0.4451959778,102.65,103.75,103.2,106.990597,-3.790597029
AAPL,AAPL250815C00150000,2025-08-15,246.0,150.0,0.5373581421,101.1,102.85,101.975,105.006756,-3.031755838
AAPL,AAPL250815C00155000,2025-08-15,246.0,155.0,0.5075732837,96.35,97.45,96.9,100.060084,-3.160084059
AAPL,AAPL250815C00160000,2025-08-15,246.0,160.0,0.5003101727,91.65,92.6,92.125,95.815554,-3.690554204
AAPL,AAPL250815C00165000,2025-08-15,246.0,165.0,0.481328429,86.95,87.9,87.425,91.203401,-3.778400888
AAPL,AAPL250815C00170000,2025-08-15,246.0,170.0,0.4635673761,82.45,83.25,82.85,86.634977,-3.784977188
AAPL,AAPL250815C00175000,2025-08-15,246.0,175.0,0.4467523587,77.75,78.65,78.2,82.107349,-3.907349472
AAPL,AAPL250815C00180000,2025-08-15,246.0,180.0,0.4307307904,73.2,74.1,73.65,77.621243,-3.971242775
AAPL,AAPL250815C00185000,2025-08-15,246.0,185.0,0.4122678403,68.8,69.45,69.125,73.040691,-3.915691094
AAPL,AAPL250815C00190000,2025-08-15,246.0,190.0,0.395574892,64.2,64.9,64.55,68.545772,-3.995772233
AAPL,AAPL250815C00195000,2025-08-15,246.0,195.0,0.3831238446,60.0,60.6,60.3,64.273045,-3.973045452
AAPL,AAPL250815C00200000,2025-08-15,246.0,200.0,0.3671633109,55.75,56.15,55.95,59.857272,-3.907271509
AAPL,AAPL250815C00205000,2025-08-15,246.0,205.0,0.3548038153,51.55,51.95,51.75,55.663019,-3.913018693
AAPL,AAPL250815C00210000,2025-08-15,246.0,210.0,0.3422917334,47.5,47.8,47.65,51.509439,-3.85943859
AAPL,AAPL250815C00215000,2025-08-15,246.0,215.0,0.3309698251,43.5,43.8,43.65,47.483186,-3.833185968
AAPL,AAPL250815C00220000,2025-08-15,246.0,220.0,0.3206397282,39.65,39.95,39.8,43.589667,-3.789666857
AAPL,AAPL250815C00225000,2025-08-15,246.0,225.0,0.3110115286,35.95,36.25,36.1,39.826582,-3.726581728
AAPL,AAPL250815C00230000,2025-08-15,246.0,230.0,0.3018716054,32.4,32.7,32.55,36.194029,-3.644029237
AAPL,AAPL250815C00235000,2025-08-15,246.0,235.0,0.2937082349,29.05,29.35,29.2,32.741438,-3.541437931
AAPL,AAPL250815C00240000,2025-08-15,246.0,240.0,0.2862925375,25.9,26.2,26.05,29.468854,-3.418854402
AAPL,AAPL250815C00245000,2025-08-15,246.0,245.0,0.279471927,22.95,23.25,23.1,26.378905,-3.278904726
AAPL,AAPL250815C00250000,2025-08-15,246.0,250.0,0.2724987302,20.2,20.45,20.325,23.424331,-3.099330567
AAPL,AAPL250815C00255000,2025-08-15,246.0,255.0,0.2671276901,17.75,17.95,17.85,20.753961,-2.903960685
AAPL,AAPL250815C00260000,2025-08-15,246.0,260.0,0.2620770815,15.5,15.65,15.575,18.274379,-2.69937931
AAPL,AAPL250815C00265000,2025-08-15,246.0,265.0,0.257941991,13.45,13.6,13.525,16.037468,-2.512468331
AAPL,AAPL250815C00270000,2025-08-15,246.0,270.0,0.2541273318,11.6,11.75,11.675,13.996106,-2.321105699
AAPL,AAPL250815C00275000,2025-08-15,246.0,275.0,0.2514112946,10.0,10.15,10.075,12.208395,-2.133394854
AAPL,AAPL250815C00280000,2025-08-15,246.0,280.0,0.2485426709,8.55,8.7,8.625,10.570804,-1.945804129
AAPL,AAPL250815C00285000,2025-08-15,246.0,285.0,0.24564353,7.3,7.4,7.35,9.088206,-1.738206385
AAPL,AAPL250815C00290000,2025-08-15,246.0,290.0,0.2444228391,6.2,6.35,6.275,7.871542,-1.596541881
AAPL,AAPL250815C00295000,2025-08-15,246.0,295.0,0.2427749063,5.25,5.4,5.325,6.758952,-1.433952048
AAPL,AAPL250815C00300000,2025-08-15,246.0,300.0,0.2408523181,4.45,4.55,4.5,5.755561,-1.255560651
AAPL,AAPL250815C00305000,2025-08-15,246.0,305.0,0.2397536963,3.75,3.85,3.8,4.917614,-1.117614322
AAPL,AAPL250815C00310000,2025-08-15,246.0,310.0,0.2387771436,3.15,3.25,3.2,4.188813,-0.988812547
AAPL,AAPL250815C00315000,2025-08-15,246.0,315.0,0.2395095581,2.65,2.8,2.725,3.634804,-0.909803532
AAPL,AAPL250815C00320000,2025-08-15,246.0,320.0,0.2383499017,2.26,2.34,2.3,3.066666,-0.766666161
AAPL,AAPL250815C00325000,2025-08-15,246.0,325.0,0.239387489,1.9,2.02,1.96,2.663779,-0.703779178
AAPL,AAPL250815C00330000,2025-08-15,246.0,330.0,0.238716109,1.62,1.69,1.655,2.249818,-0.594818481
AAPL,AAPL250815C00340000,2025-08-15,246.0,340.0,0.2401199036,1.19,1.24,1.215,1.670485,-0.455484656
AAPL,AAPL250919C00005000,2025-09-19,281.0,5.0,1.6093769531,240.05,243.0,241.525,240.915192,0.609807942
AAPL,AAPL250919C00035000,2025-09-19,281.0,35.0,1.1245160962,210.8,213.7,212.25,212.580048,-0.330048301
AAPL,AAPL250919C00050000,2025-09-19,281.0,50.0,1.0051319275,196.4,199.15,197.775,198.552576,-0.777575624
AAPL,AAPL250919C00055000,2025-09-19,281.0,55.0,1e-05,168.0,171.35,169.675,192.58598,-22.910979574
AAPL,AAPL250919C00060000,2025-09-19,281.0,60.0,1e-05,172.2,175.8,174.0,187.756233,-13.756232615
AAPL,AAPL250919C00065000,2025-09-19,281.0,65.0,1.1519817792,185.5,187.8,186.65,187.624806,-0.974805857
AAPL,AAPL250919C00070000,2025-09-19,281.0,70.0,1e-05,161.4,164.2,162.8,178.096739,-15.296738698
AAPL,AAPL250919C00075000,2025-09-19,281.0,75.0,0.8673108972,172.65,175.35,174.0,175.478483,-1.478483445
AAPL,AAPL250919C00080000,2025-09-19,281.0,80.0,1e-05,142.35,144.65,143.5,168.437245,-24.93724478
AAPL,AAPL250919C00085000,2025-09-19,281.0,85.0,0.6416051465,158.45,162.4,160.425,164.365039,-3.940039437
AAPL,AAPL250919C00090000,2025-09-19,281.0,90.0,0.6096230444,153.65,157.4,155.525,159.52991,-4.004910006
AAPL,AAPL250919C00095000,2025-09-19,281.0,95.0,0.6191444336,148.95,152.8,150.875,155.043506,-4.168505603
AAPL,AAPL250919C00100000,2025-09-19,281.0,100.0,0.7229031616,149.15,150.6,149.875,152.062038,-2.187038366
AAPL,AAPL250919C00105000,2025-09-19,281.0,105.0,0.6909210596,143.5,146.35,144.925,147.262383,-2.337382585
AAPL,AAPL250919C00110000,2025-09-19,281.0,110.0,0.6685824158,139.45,140.85,140.15,142.619607,-2.469607091
AAPL,AAPL250919C00115000,2025-09-19,281.0,115.0,0.661563443,134.65,136.8,135.725,138.293727,-2.568726734
AAPL,AAPL250919C00120000,2025-09-19,281.0,120.0,0.5170946729,125.55,128.35,126.95,131.327489,-4.377488972
AAPL,AAPL250919C00125000,2025-09-19,281.0,125.0,0.5282639948,120.3,124.05,122.175,127.097518,-4.922517691
AAPL,AAPL250919C00130000,2025-09-19,281.0,130.0,0.5820964642,120.15,121.9,121.025,124.013056,-2.988056467
AAPL,AAPL250919C00135000,2025-09-19,281.0,135.0,1e-05,98.9,102.3,100.6,115.310028,-14.710028233
AAPL,AAPL250919C00140000,2025-09-19,281.0,140.0,0.5484053949,110.7,112.7,111.7,114.912887,-3.212887208
AAPL,AAPL250919C00145000,2025-09-19,281.0,145.0,0.4692435889,101.45,105.1,103.275,108.628477,-5.353476624
AAPL,AAPL250919C00150000,2025-09-19,281.0,150.0,0.5113574255,101.7,102.85,102.275,105.713798,-3.438797738
AAPL,AAPL250919C00155000,2025-09-19,281.0,155.0,0.5308274457,96.15,99.05,97.6,102.460697,-4.860697457
AAPL,AAPL250919C00160000,2025-09-19,281.0,160.0,0.4905446454,92.25,93.5,92.875,97.091283,-4.216282571
AAPL,AAPL250919C00165000,2025-09-19,281.0,165.0,0.4728446271,87.8,88.85,88.325,92.539337,-4.214336897
AAPL,AAPL250919C00170000,2025-09-19,281.0,170.0,0.4561211615,83.1,84.25,83.675,88.027161,-4.352161403
AAPL,AAPL250919C00175000,2025-09-19,281.0,175.0,0.4412897668,78.7,79.75,79.225,83.60181,-4.376810378
AAPL,AAPL250919C00180000,2025-09-19,281.0,180.0,0.4181881912,74.4,74.85,74.625,78.809668,-4.184668446
AAPL,AAPL250919C00185000,2025-09-19,281.0,185.0,0.4048826602,69.95,70.45,70.2,74.465714,-4.26571418
AAPL,AAPL250919C00190000,2025-09-19,281.0,190.0,0.390997301,65.55,66.05,65.8,70.116672,-4.316671977
AAPL,AAPL250919C00195000,2025-09-19,281.0,195.0,0.3765321136,61.25,61.65,61.45,65.76025,-4.310249501
AAPL,AAPL250919C00200000,2025-09-19,281.0,200.0,0.3639895145,57.05,57.4,57.225,61.53614,-4.311140432
AAPL,AAPL250919C00205000,2025-09-19,281.0,205.0,0.3537051935,52.95,53.35,53.15,57.485292,-4.335291784
AAPL,AAPL250919C00210000,2025-09-19,281.0,210.0,0.3424138025,48.95,49.3,49.125,53.427714,-4.3027141
AAPL,AAPL250919C00215000,2025-09-19,281.0,215.0,0.3315496533,45.05,45.35,45.2,49.454141,-4.254141252
AAPL,AAPL250919C00220000,2025-09-19,281.0,220.0,0.3216315396,41.25,41.55,41.4,45.6107,-4.21070031
AAPL,AAPL250919C00225000,2025-09-19,281.0,225.0,0.3124458405,37.6,37.9,37.75,41.89768,-4.147680077
AAPL,AAPL250919C00230000,2025-09-19,281.0,230.0,0.3044197977,34.1,34.45,34.275,38.36152,-4.086519877
AAPL,AAPL250919C00235000,2025-09-19,281.0,235.0,0.2961496167,30.8,31.1,30.95,34.910156,-3.960156086
AAPL,AAPL250919C00240000,2025-09-19,281.0,240.0,0.2887186607,27.7,27.95,27.825,31.637249,-3.812248584
AAPL,AAPL250919C00245000,2025-09-19,281.0,245.0,0.2825846889,24.75,25.05,24.9,28.594805,-3.694804805
AAPL,AAPL250919C00250000,2025-09-19,281.0,250.0,0.2758861475,22.0,22.25,22.125,25.640276,-3.51527595
AAPL,AAPL250919C00255000,2025-09-19,281.0,255.0,0.2702557106,19.5,19.7,19.6,22.917939,-3.317938935
AAPL,AAPL250919C00260000,2025-09-19,281.0,260.0,0.2650830328,17.2,17.35,17.275,20.384178,-3.109177868
AAPL,AAPL250919C00265000,2025-09-19,281.0,265.0,0.2615277705,15.1,15.3,15.2,18.143333,-2.943333285
AAPL,AAPL250919C00270000,2025-09-19,281.0,270.0,0.2572553523,13.15,13.35,13.25,15.996468,-2.746467963
AAPL,AAPL250919C00275000,2025-09-19,281.0,275.0,0.2540968146,11.45,11.65,11.55,14.099223,-2.549222598
AAPL,AAPL250919C00280000,2025-09-19,281.0,280.0,0.2509077596,9.95,10.1,10.025,12.351315,-2.326315347
AAPL,AAPL250919C00285000,2025-09-19,281.0,285.0,0.2484358604,8.6,8.75,8.675,10.808946,-2.133945583
AAPL,AAPL250919C00290000,2025-09-19,281.0,290.0,0.2461623236,7.4,7.55,7.475,9.422173,-1.947172684
AAPL,AAPL250919C00295000,2025-09-19,281.0,295.0,0.2442397354,6.35,6.5,6.425,8.194243,-1.769242545
AAPL,AAPL250919C00300000,2025-09-19,281.0,300.0,0.2428664581,5.45,5.6,5.525,7.128248,-1.603247722
AAPL,AAPL250919C00305000,2025-09-19,281.0,305.0,0.2414321463,4.65,4.8,4.725,6.170721,-1.445721331
AAPL,AAPL250919C00310000,2025-09-19,281.0,310.0,0.2410354218,4.0,4.15,4.075,5.38137,-1.306370289
AAPL,AAPL250919C00320000,2025-09-19,281.0,320.0,0.2396011099,2.95,3.05,3.0,4.026645,-1.026644845
AAPL,AAPL250919C00330000,2025-09-19,281.0,330.0,0.2388992126,2.17,2.24,2.205,3.007991,-0.802991033
AAPL,AAPL250919C00340000,2025-09-19,281.0,340.0,0.2391433508,1.61,1.66,1.635,2.261349,-0.626348629
AAPL,AAPL250919C00350000,2025-09-19,281.0,350.0,0.2404861108,1.21,1.25,1.23,1.725633,-0.495632929
AAPL,AAPL251219C00005000,2025-12-19,372.0,5.0,1.6328143359,240.15,243.1,241.625,240.806082,0.818917548
AAPL,AAPL251219C00035000,2025-12-19,372.0,35.0,1e-05,207.5,210.85,209.175,212.03111,-2.856110479
AAPL,AAPL251219C00040000,2025-12-19,372.0,40.0,1e-05,202.8,206.05,204.425,207.255246,-2.830246485
AAPL,AAPL251219C00050000,2025-12-19,372.0,50.0,0.9204109521,196.85,199.5,198.175,199.160032,-0.985032231
AAPL,AAPL251219C00055000,2025-12-19,372.0,55.0,1e-05,172.65,176.3,174.475,192.927655,-18.452654503
AAPL,AAPL251219C00060000,2025-12-19,372.0,60.0,1e-05,167.4,171.25,169.325,188.151791,-18.826790509
AAPL,AAPL251219C00065000,2025-12-19,372.0,65.0,1e-05,158.7,161.75,160.225,183.375927,-23.150926515
AAPL,AAPL251219C00070000,2025-12-19,372.0,70.0,1e-05,159.75,161.7,160.725,178.600063,-17.875062521
AAPL,AAPL251219C00075000,2025-12-19,372.0,75.0,0.7795432202,173.5,175.3,174.4,176.31299,-1.912989567
AAPL,AAPL251219C00080000,2025-12-19,372.0,80.0,0.7697776929,168.75,171.1,169.925,171.990842,-2.065841565
AAPL,AAPL251219C00085000,2025-12-19,372.0,85.0,0.5577436804,159.5,162.4,160.95,164.990996,-4.040996464
AAPL,AAPL251219C00090000,2025-12-19,372.0,90.0,0.7211331598,159.2,161.7,160.45,162.872631,-2.42263125
AAPL,AAPL251219C00095000,2025-12-19,372.0,95.0,0.598392688,149.8,153.7,151.75,156.531069,-4.781069388
AAPL,AAPL251219C00100000,2025-12-19,372.0,100.0,0.6682162085,150.0,151.6,150.8,153.590344,-2.790343799
AAPL,AAPL251219C00105000,2025-12-19,372.0,105.0,0.6472203247,144.3,147.85,146.075,149.037389,-2.96238855
AAPL,AAPL251219C00110000,2025-12-19,372.0,110.0,0.6292761682,140.6,142.25,141.425,144.548175,-3.123174725
AAPL,AAPL251219C00115000,2025-12-19,372.0,115.0,0.6131020135,135.5,138.15,136.825,140.102748,-3.277748263
AAPL,AAPL251219C00120000,2025-12-19,372.0,120.0,0.5913737152,131.2,132.9,132.05,135.498439,-3.44843858
AAPL,AAPL251219C00125000,2025-12-19,372.0,125.0,0.5672345523,126.5,127.85,127.175,130.802571,-3.627571148
AAPL,AAPL251219C00130000,2025-12-19,372.0,130.0,0.5543867804,121.8,123.55,122.675,126.438276,-3.763275871
AAPL,AAPL251219C00135000,2025-12-19,372.0,135.0,0.5339402075,117.05,118.75,117.9,121.826816,-3.926816373
AAPL,AAPL251219C00140000,2025-12-19,372.0,140.0,0.5213670911,112.6,114.25,113.425,117.479771,-4.054770713
AAPL,AAPL251219C00145000,2025-12-19,372.0,145.0,0.5002491382,107.85,109.35,108.6,112.819199,-4.21919897
AAPL,AAPL251219C00150000,2025-12-19,372.0,150.0,0.5063525928,103.25,105.0,104.125,109.246298,-5.121297968
AAPL,AAPL251219C00155000,2025-12-19,372.0,155.0,0.4855092953,99.0,100.2,99.6,104.599726,-4.999726497
AAPL,AAPL251219C00160000,2025-12-19,372.0,160.0,0.4718680743,94.3,95.75,95.025,100.261822,-5.23682234
AAPL,AAPL251219C00165000,2025-12-19,372.0,165.0,0.4579521979,89.9,91.3,90.6,95.91942,-5.319419742
AAPL,AAPL251219C00170000,2025-12-19,372.0,170.0,0.4403132141,85.65,86.65,86.15,91.394742,-5.244742343
AAPL,AAPL251219C00175000,2025-12-19,372.0,175.0,0.4210262976,81.4,81.9,81.65,86.77316,-5.123160002
AAPL,AAPL251219C00180000,2025-12-19,372.0,180.0,0.4100400793,77.05,77.65,77.35,82.596176,-5.246176492
AAPL,AAPL251219C00185000,2025-12-19,372.0,185.0,0.3961852374,72.75,73.25,73.0,78.277303,-5.277303312
AAPL,AAPL251219C00190000,2025-12-19,372.0,190.0,0.384954881,68.65,69.05,68.85,74.131972,-5.281972496
AAPL,AAPL251219C00195000,2025-12-19,372.0,195.0,0.3738771109,64.5,64.9,64.7,70.025738,-5.325738329
AAPL,AAPL251219C00200000,2025-12-19,372.0,200.0,0.3648592567,60.45,60.95,60.7,66.092156,-5.392155509
AAPL,AAPL251219C00205000,2025-12-19,372.0,205.0,0.3537814867,56.55,56.9,56.725,62.060746,-5.335746137
AAPL,AAPL251219C00210000,2025-12-19,372.0,210.0,0.3451298398,52.7,53.1,52.9,58.248866,-5.348866108
AAPL,AAPL251219C00215000,2025-12-19,372.0,215.0,0.3362035374,48.95,49.35,49.15,54.474242,-5.324241762
AAPL,AAPL251219C00220000,2025-12-19,372.0,220.0,0.3269720624,45.3,45.65,45.475,50.736075,-5.261074992
AAPL,AAPL251219C00225000,2025-12-19,372.0,225.0,0.3196173996,41.8,42.2,42.0,47.219329,-5.219329359
AAPL,AAPL251219C00230000,2025-12-19,372.0,230.0,0.3123085127,38.45,38.85,38.65,43.787079,-5.137079456
AAPL,AAPL251219C00235000,2025-12-19,372.0,235.0,0.3049691086,35.25,35.6,35.425,40.437926,-5.012926215
AAPL,AAPL251219C00240000,2025-12-19,372.0,240.0,0.2980722049,32.2,32.5,32.35,37.22057,-4.870570485
AAPL,AAPL251219C00245000,2025-12-19,372.0,245.0,0.2925485785,29.3,29.65,29.475,34.231402,-4.756402204
AAPL,AAPL251219C00250000,2025-12-19,372.0,250.0,0.2867808139,26.6,26.9,26.75,31.328214,-4.578214411
AAPL,AAPL251219C00260000,2025-12-19,372.0,260.0,0.2768932175,21.6,21.95,21.775,26.027356,-4.252355745
AAPL,AAPL251219C00270000,2025-12-19,372.0,270.0,0.268226312,17.45,17.65,17.55,21.33559,-3.785589651
AAPL,AAPL251219C00280000,2025-12-19,372.0,280.0,0.2618482019,13.9,14.1,14.0,17.372271,-3.372270985
AAPL,AAPL251219C00290000,2025-12-19,372.0,290.0,0.256553455,11.0,11.15,11.075,14.006796,-2.931795702
AAPL,AAPL251219C00300000,2025-12-19,372.0,300.0,0.2529676755,8.6,8.8,8.7,11.262449,-2.562449311
AAPL,AAPL251219C00310000,2025-12-19,372.0,310.0,0.2493666373,6.7,6.85,6.775,8.937609,-2.162609217
AAPL,AAPL251219C00320000,2025-12-19,372.0,320.0,0.2464980136,5.15,5.3,5.225,7.049989,-1.824988536
AAPL,AAPL251219C00330000,2025-12-19,372.0,330.0,0.2453993918,4.0,4.15,4.075,5.611122,-1.53612225
AAPL,AAPL251219C00340000,2025-12-19,372.0,340.0,0.2448195636,3.1,3.25,3.175,4.464777,-1.289777164
AAPL,AAPL251219C00350000,2025-12-19,372.0,350.0,0.2441787009,2.42,2.53,2.475,3.529979,-1.05497851
AAPL,AAPL251219C00380000,2025-12-19,372.0,380.0,0.2480543945,1.19,1.31,1.25,1.888057,-0.638057114
AAPL,AAPL251219C00390000,2025-12-19,372.0,390.0,0.2487257745,0.97,1.04,1.005,1.516225,-0.511224729
AAPL,AAPL260116C00005000,2026-01-16,400.0,5.0,1.4843775781,239.75,243.4,241.575,240.699274,0.875726309
AAPL,AAPL260116C00020000,2026-01-16,400.0,20.0,1e-05,200.8,204.7,202.75,226.347344,-23.597344191
AAPL,AAPL260116C00025000,2026-01-16,400.0,25.0,1e-05,194.5,198.25,196.375,221.587938,-25.212938318
AAPL,AAPL260116C00030000,2026-01-16,400.0,30.0,1.066410918,215.55,219.4,217.475,217.68225,-0.207250262
AAPL,AAPL260116C00035000,2026-01-16,400.0,35.0,1.0263720557,210.8,214.65,212.725,213.139189,-0.414188909
AAPL,AAPL260116C00040000,2026-01-16,400.0,40.0,0.981445498,206.05,209.8,207.925,208.548603,-0.623603273
AAPL,AAPL260116C00045000,2026-01-16,400.0,45.0,0.9462895996,201.3,205.05,203.175,204.003342,-0.828341996
AAPL,AAPL260116C00050000,2026-01-16,400.0,50.0,0.9152840503,197.1,199.8,198.45,199.479193,-1.029193395
AAPL,AAPL260116C00055000,2026-01-16,400.0,55.0,0.8809826355,192.25,195.1,193.675,194.907693,-1.232692862
AAPL,AAPL260116C00060000,2026-01-16,400.0,60.0,0.8507095007,187.65,190.2,188.925,190.357877,-1.432877408
AAPL,AAPL260116C00065000,2026-01-16,400.0,65.0,1e-05,165.95,169.05,167.5,183.512691,-16.012691331
AAPL,AAPL260116C00070000,2026-01-16,400.0,70.0,0.9625858234,181.45,183.9,182.675,184.201582,-1.526582002
AAPL,AAPL260116C00075000,2026-01-16,400.0,75.0,0.7777121838,173.45,176.25,174.85,176.857908,-2.007908273
AAPL,AAPL260116C00080000,2026-01-16,400.0,80.0,0.7385280054,168.8,170.9,169.85,172.079657,-2.229656522
AAPL,AAPL260116C00085000,2026-01-16,400.0,85.0,1e-05,139.9,143.8,141.85,164.475068,-22.625067837
AAPL,AAPL260116C00090000,2026-01-16,400.0,90.0,0.7031890033,159.05,162.2,160.625,163.209127,-2.584127154
AAPL,AAPL260116C00095000,2026-01-16,400.0,95.0,0.688845885,154.8,157.4,156.1,158.850662,-2.750661573
AAPL,AAPL260116C00100000,2026-01-16,400.0,100.0,0.6522251575,149.95,152.05,151.0,153.976234,-2.976233991
AAPL,AAPL260116C00105000,2026-01-16,400.0,105.0,0.6421544574,144.65,148.5,146.575,149.702977,-3.12797741
AAPL,AAPL260116C00110000,2026-01-16,400.0,110.0,0.6268958209,140.95,143.1,142.025,145.314886,-3.289885732
AAPL,AAPL260116C00115000,2026-01-16,400.0,115.0,0.6159706372,136.1,139.15,137.625,141.059037,-3.434036971
AAPL,AAPL260116C00120000,2026-01-16,400.0,120.0,0.5755657678,131.25,133.2,132.225,135.912204,-3.687203601
AAPL,AAPL260116C00125000,2026-01-16,400.0,125.0,0.5707440387,126.9,129.15,128.025,131.828116,-3.803116455
AAPL,AAPL260116C00130000,2026-01-16,400.0,130.0,0.5510298804,122.2,124.4,123.3,127.27461,-3.97460982
AAPL,AAPL260116C00135000,2026-01-16,400.0,135.0,0.5366257275,117.4,120.15,118.775,122.897935,-4.122935134
AAPL,AAPL260116C00140000,2026-01-16,400.0,140.0,0.518559502,113.05,115.15,114.1,118.382504,-4.282504136
AAPL,AAPL260116C00145000,2026-01-16,400.0,145.0,0.515324671,108.65,110.1,109.375,114.467134,-5.092134091
AAPL,AAPL260116C00150000,2026-01-16,400.0,150.0,0.4975331009,103.8,105.45,104.625,109.967807,-5.342806934
AAPL,AAPL260116C00155000,2026-01-16,400.0,155.0,0.4980518945,99.15,101.75,100.45,106.315365,-5.865365123
AAPL,AAPL260116C00160000,2026-01-16,400.0,160.0,0.463445307,94.8,96.2,95.5,101.004227,-5.504226995
AAPL,AAPL260116C00165000,2026-01-16,400.0,165.0,0.4609123734,90.15,92.4,91.275,97.251932,-5.976932321
AAPL,AAPL260116C00170000,2026-01-16,400.0,170.0,0.4355830368,85.75,87.3,86.525,92.333091,-5.808090561
AAPL,AAPL260116C00175000,2026-01-16,400.0,175.0,0.4221554367,82.15,82.9,82.525,88.034332,-5.509331733
AAPL,AAPL260116C00180000,2026-01-16,400.0,180.0,0.4092466302,77.85,78.55,78.2,83.775466,-5.575466249
AAPL,AAPL260116C00185000,2026-01-16,400.0,185.0,0.3974669629,73.7,74.3,74.0,79.599675,-5.599674619
AAPL,AAPL260116C00190000,2026-01-16,400.0,190.0,0.386633331,69.45,70.15,69.8,75.506587,-5.706586688
AAPL,AAPL260116C00195000,2026-01-16,400.0,195.0,0.3752809055,65.5,66.0,65.75,71.407304,-5.657304401
AAPL,AAPL260116C00200000,2026-01-16,400.0,200.0,0.3665834827,61.5,62.1,61.8,67.525008,-5.725007902
AAPL,AAPL260116C00205000,2026-01-16,400.0,205.0,0.3565432999,57.55,58.15,57.85,63.590607,-5.740606743
AAPL,AAPL260116C00210000,2026-01-16,400.0,210.0,0.3458622543,53.75,54.2,53.975,59.648864,-5.673864135
AAPL,AAPL260116C00215000,2026-01-16,400.0,215.0,0.3379277634,50.0,50.55,50.275,55.970725,-5.695725014
AAPL,AAPL260116C00220000,2026-01-16,400.0,220.0,0.3291235301,46.45,46.9,46.675,52.282933,-5.607932721
AAPL,AAPL260116C00225000,2026-01-16,400.0,225.0,0.3226996442,42.95,43.55,43.25,48.864382,-5.614381902
AAPL,AAPL260116C00230000,2026-01-16,400.0,230.0,0.3147346359,39.65,40.15,39.9,45.388183,-5.488183093
AAPL,AAPL260116C00235000,2026-01-16,400.0,235.0,0.3073494559,36.5,36.9,36.7,42.042366,-5.342366279
AAPL,AAPL260116C00240000,2026-01-16,400.0,240.0,0.3019478986,33.4,33.95,33.675,38.970267,-5.295267228
AAPL,AAPL260116C00245000,2026-01-16,400.0,245.0,0.2954324608,30.5,31.0,30.75,35.888738,-5.138737507
AAPL,AAPL260116C00250000,2026-01-16,400.0,250.0,0.2897409894,27.8,28.25,28.025,32.987612,-4.962611822
AAPL,AAPL260116C00255000,2026-01-16,400.0,255.0,0.2833628793,25.3,25.55,25.425,30.123379,-4.698378906
AAPL,AAPL260116C00260000,2026-01-16,400.0,260.0,0.2786937366,22.9,23.15,23.025,27.541828,-4.516828308
AAPL,AAPL260116C00265000,2026-01-16,400.0,265.0,0.274268732,20.6,20.9,20.75,25.101033,-4.351033136
AAPL,AAPL260116C00270000,2026-01-16,400.0,270.0,0.2710339011,18.55,18.9,18.725,22.900488,-4.175488451
AAPL,AAPL260116C00275000,2026-01-16,400.0,275.0,0.2670513969,16.65,16.95,16.8,20.742845,-3.942845356
AAPL,AAPL260116C00280000,2026-01-16,400.0,280.0,0.2638318246,14.9,15.2,15.05,18.782653,-3.732653496
AAPL,AAPL260116C00285000,2026-01-16,400.0,285.0,0.2614209601,13.3,13.65,13.475,17.021763,-3.546762749
AAPL,AAPL260116C00290000,2026-01-16,400.0,290.0,0.2588575092,11.95,12.2,12.075,15.360465,-3.285464888
AAPL,AAPL260116C00300000,2026-01-16,400.0,300.0,0.2545545737,9.45,9.7,9.575,12.449829,-2.874829291
AAPL,AAPL260116C00310000,2026-01-16,400.0,310.0,0.2508619836,7.45,7.65,7.55,10.008961,-2.458960568
AAPL,AAPL260116C00320000,2026-01-16,400.0,320.0,0.2486037054,5.85,6.05,5.95,8.059583,-2.109583488
AAPL,AAPL260116C00330000,2026-01-16,400.0,330.0,0.2465285309,4.55,4.75,4.65,6.442557,-1.79255678
AAPL,AAPL260116C00340000,2026-01-16,400.0,340.0,0.2454909436,3.55,3.75,3.65,5.171075,-1.521074547
AAPL,AAPL260116C00350000,2026-01-16,400.0,350.0,0.2435378381,2.8,2.9,2.85,4.072088,-1.222088469
AAPL,AAPL260116C00360000,2026-01-16,400.0,360.0,0.2461623236,2.21,2.41,2.31,3.411869,-1.101869438
AAPL,AAPL260618C00005000,2026-06-18,553.0,5.0,1.3710968945,239.7,243.6,241.65,240.429482,1.220518477
AAPL,AAPL260618C00015000,2026-06-18,553.0,15.0,1e-05,212.7,216.55,214.625,230.952192,-16.327192174
AAPL,AAPL260618C00020000,2026-06-18,553.0,20.0,1.0034229517,225.15,229.0,227.075,226.767698,0.307301819
AAPL,AAPL260618C00030000,2026-06-18,553.0,30.0,1e-05,196.45,200.2,198.325,216.94078,-18.615780475
AAPL,AAPL260618C00035000,2026-06-18,553.0,35.0,1e-05,199.1,202.95,201.025,212.27031,-11.245309909
AAPL,AAPL260618C00045000,2026-06-18,553.0,45.0,1e-05,177.55,181.4,179.475,202.929369,-23.454368777
AAPL,AAPL260618C00050000,2026-06-18,553.0,50.0,0.8243425769,197.1,201.0,199.05,200.37811,-1.328110188
AAPL,AAPL260618C00055000,2026-06-18,553.0,55.0,0.7805197729,192.45,195.8,194.125,195.752277,-1.627276823
AAPL,AAPL260618C00060000,2026-06-18,553.0,60.0,0.6722444885,184.6,188.2,186.4,190.273058,-3.873058051
AAPL,AAPL260618C00065000,2026-06-18,553.0,65.0,0.6318396191,179.2,183.15,181.175,185.546533,-4.371532972
AAPL,AAPL260618C00070000,2026-06-18,553.0,70.0,0.8339860352,181.8,184.35,183.075,185.135887,-2.060887126
AAPL,AAPL260618C00075000,2026-06-18,553.0,75.0,0.6931183032,173.85,177.25,175.55,178.211562,-2.661562022
AAPL,AAPL260618C00080000,2026-06-18,553.0,80.0,0.6832307068,169.25,173.1,171.175,174.054688,-2.879687838
AAPL,AAPL260618C00085000,2026-06-18,553.0,85.0,1e-05,144.5,148.3,146.4,165.565604,-19.165604247
AAPL,AAPL260618C00090000,2026-06-18,553.0,90.0,0.5056812128,157.1,159.9,158.5,162.40158,-3.901579666
AAPL,AAPL260618C00095000,2026-06-18,553.0,95.0,0.6145668427,155.4,158.55,156.975,160.636764,-3.661763973
AAPL,AAPL260618C00100000,2026-06-18,553.0,100.0,0.6003457935,150.75,154.2,152.475,156.360568,-3.885568051
AAPL,AAPL260618C00105000,2026-06-18,553.0,105.0,1e-05,137.5,141.0,139.25,146.883722,-7.633721982
AAPL,AAPL260618C00110000,2026-06-18,553.0,110.0,0.5760540442,141.85,145.45,143.65,147.954192,-4.304191522
AAPL,AAPL260618C00115000,2026-06-18,553.0,115.0,0.5571943695,137.05,140.9,138.975,143.518201,-4.543201002
AAPL,AAPL260618C00120000,2026-06-18,553.0,120.0,0.5371750385,132.65,135.8,134.225,139.015586,-4.79058649
AAPL,AAPL260618C00125000,2026-06-18,553.0,125.0,0.5252122675,127.95,131.7,129.825,134.811461,-4.986460948
AAPL,AAPL260618C00130000,2026-06-18,553.0,130.0,0.5075122491,123.45,126.85,125.15,130.366252,-5.216251812
AAPL,AAPL260618C00135000,2026-06-18,553.0,135.0,0.533207793,119.0,122.8,120.9,127.942487,-7.042486937
AAPL,AAPL260618C00140000,2026-06-18,553.0,140.0,0.5104724246,114.8,117.9,116.35,123.29069,-6.940690255
AAPL,AAPL260618C00145000,2026-06-18,553.0,145.0,0.4942677527,110.1,113.35,111.725,118.941629,-7.216629493
AAPL,AAPL260618C00150000,2026-06-18,553.0,150.0,0.4790396335,105.7,108.85,107.275,114.630612,-7.355612123
AAPL,AAPL260618C00155000,2026-06-18,553.0,155.0,0.462438237,102.2,104.25,103.225,110.227939,-7.002939335
AAPL,AAPL260618C00160000,2026-06-18,553.0,160.0,0.4496820169,97.75,99.9,98.825,106.03896,-7.213960419
AAPL,AAPL260618C00165000,2026-06-18,553.0,165.0,0.4354304504,94.0,95.45,94.725,101.755738,-7.030738164
AAPL,AAPL260618C00170000,2026-06-18,553.0,170.0,0.424535784,90.0,91.25,90.625,97.687232,-7.06223236
AAPL,AAPL260618C00175000,2026-06-18,553.0,175.0,0.4140073248,85.55,87.1,86.325,93.656127,-7.331127257
AAPL,AAPL260618C00180000,2026-06-18,553.0,180.0,0.4001219656,81.5,82.7,82.1,89.397045,-7.297045221
AAPL,AAPL260618C00185000,2026-06-18,553.0,185.0,0.3897155756,77.7,78.6,78.15,85.395398,-7.245398317
AAPL,AAPL260618C00190000,2026-06-18,553.0,190.0,0.3834900519,73.75,74.9,74.325,81.740418,-7.415417988
AAPL,AAPL260618C00195000,2026-06-18,553.0,195.0,0.372824265,69.9,70.85,70.375,77.767444,-7.392444241
AAPL,AAPL260618C00200000,2026-06-18,553.0,200.0,0.3655001195,66.2,67.15,66.675,74.098603,-7.423603339
AAPL,AAPL260618C00205000,2026-06-18,553.0,205.0,0.3555820058,62.5,63.25,62.875,70.242452,-7.367452497
AAPL,AAPL260618C00210000,2026-06-18,553.0,210.0,0.3501499312,58.9,59.85,59.375,66.826731,-7.451730605
AAPL,AAPL260618C00215000,2026-06-18,553.0,215.0,0.3430546652,54.95,56.35,55.65,63.312056,-7.662055661
AAPL,AAPL260618C00220000,2026-06-18,553.0,220.0,0.3339605179,51.6,52.7,52.15,59.651412,-7.501412255
AAPL,AAPL260618C00225000,2026-06-18,553.0,225.0,0.3275213733,48.25,49.4,48.825,56.301646,-7.476645619
AAPL,AAPL260618C00230000,2026-06-18,553.0,230.0,0.3212653323,45.1,46.2,45.65,53.031525,-7.381525092
AAPL,AAPL260618C00235000,2026-06-18,553.0,235.0,0.3156196368,42.45,43.15,42.8,49.89129,-7.091289714
AAPL,AAPL260618C00240000,2026-06-18,553.0,240.0,0.3100960104,39.1,40.2,39.65,46.834949,-7.184948627
AAPL,AAPL260618C00245000,2026-06-18,553.0,245.0,0.3046791945,36.25,37.35,36.8,43.864361,-7.064360799
AAPL,AAPL260618C00250000,2026-06-18,553.0,250.0,0.3001473795,34.1,34.7,34.4,41.072041,-6.672041001
AAPL,AAPL260618C00255000,2026-06-18,553.0,255.0,0.2952340985,30.95,32.1,31.525,38.318274,-6.793273763
AAPL,AAPL260618C00260000,2026-06-18,553.0,260.0,0.2911600426,28.6,29.7,29.15,35.747166,-6.597166087
AAPL,AAPL260618C00265000,2026-06-18,553.0,265.0,0.2874979698,26.25,27.45,26.85,33.31318,-6.463179616
AAPL,AAPL260618C00270000,2026-06-18,553.0,270.0,0.2825999475,24.75,25.15,24.95,30.821353,-5.871353473
AAPL,AAPL260618C00275000,2026-06-18,553.0,275.0,0.2801890829,22.4,23.25,22.825,28.718623,-5.893622973
AAPL,AAPL260618C00280000,2026-06-18,553.0,280.0,0.276954252,20.6,21.35,20.975,26.609315,-5.634314746
AAPL,AAPL260618C00285000,2026-06-18,553.0,285.0,0.2737346797,18.75,19.55,19.15,24.594135,-5.444135415
AAPL,AAPL260618C00290000,2026-06-18,553.0,290.0,0.2714001083,17.15,17.95,17.55,22.776736,-5.226735655
AAPL,AAPL260618C00300000,2026-06-18,553.0,300.0,0.2660443269,14.3,14.95,14.625,19.330989,-4.705989111
AAPL,AAPL260618C00310000,2026-06-18,553.0,310.0,0.2625195819,11.8,12.5,12.15,16.446396,-4.296396497
AAPL,AAPL260618C00320000,2026-06-18,553.0,320.0,0.2593610442,9.95,10.4,10.175,13.926181,-3.751181349
AAPL,AAPL260618C00330000,2026-06-18,553.0,330.0,0.2563703514,8.0,8.6,8.3,11.723991,-3.423991411
AAPL,AAPL260618C00340000,2026-06-18,553.0,340.0,0.2545240564,6.55,7.15,6.85,9.908401,-3.058400572
AAPL,AAPL260618C00350000,2026-06-18,553.0,350.0,0.2525099164,5.4,5.9,5.65,8.316389,-2.666389411
AAPL,AAPL261218C00005000,2026-12-18,736.0,5.0,1.1621135645,239.7,243.55,241.625,240.003641,1.621358995
AAPL,AAPL261218C00010000,2026-12-18,736.0,10.0,1e-05,214.85,218.75,216.8,235.328016,-18.528016095
AAPL,AAPL261218C00015000,2026-12-18,736.0,15.0,1e-05,208.0,213.0,210.5,230.761739,-20.261739213
AAPL,AAPL261218C00020000,2026-12-18,736.0,20.0,1e-05,201.3,205.25,203.275,226.195462,-22.92046233
AAPL,AAPL261218C00030000,2026-12-18,736.0,30.0,1e-05,203.55,207.35,205.45,217.062909,-11.612908564
AAPL,AAPL261218C00035000,2026-12-18,736.0,35.0,0.8200701587,211.4,215.3,213.35,213.972462,-0.622461575
AAPL,AAPL261218C00040000,2026-12-18,736.0,40.0,0.7959004785,206.85,210.7,208.775,209.741962,-0.96696153
AAPL,AAPL261218C00045000,2026-12-18,736.0,45.0,0.6645541357,198.95,202.8,200.875,204.349845,-3.474844844
AAPL,AAPL261218C00050000,2026-12-18,736.0,50.0,0.7485376709,197.75,201.5,199.625,201.273887,-1.648887073
AAPL,AAPL261218C00060000,2026-12-18,736.0,60.0,0.7019072778,188.55,192.3,190.425,192.753867,-2.328866808
AAPL,AAPL261218C00070000,2026-12-18,736.0,70.0,0.5890544025,175.65,179.5,177.575,182.792527,-5.21752654
AAPL,AAPL261218C00080000,2026-12-18,736.0,80.0,0.6298254791,170.4,174.3,172.35,175.954803,-3.604803325
AAPL,AAPL261218C00085000,2026-12-18,736.0,85.0,1e-05,149.85,154.5,152.175,166.833863,-14.658862852
AAPL,AAPL261218C00090000,2026-12-18,736.0,90.0,0.5572554041,158.2,161.9,160.05,166.357971,-6.307970609
AAPL,AAPL261218C00095000,2026-12-18,736.0,95.0,0.581058877,156.9,160.8,158.85,163.371927,-4.521927089
AAPL,AAPL261218C00100000,2026-12-18,736.0,100.0,0.5642743768,152.6,156.0,154.3,159.129589,-4.829588576
AAPL,AAPL261218C00105000,2026-12-18,736.0,105.0,0.5495040167,147.95,151.7,149.825,154.946033,-5.121033186
AAPL,AAPL261218C00110000,2026-12-18,736.0,110.0,0.5324143439,143.5,146.95,145.225,150.65418,-5.429179729
AAPL,AAPL261218C00115000,2026-12-18,736.0,115.0,0.5225267474,139.05,142.9,140.975,146.654542,-5.679541791
AAPL,AAPL261218C00120000,2026-12-18,736.0,120.0,0.5118151846,134.9,138.5,136.7,142.627586,-5.92758594
AAPL,AAPL261218C00125000,2026-12-18,736.0,125.0,0.5261888202,130.35,133.95,132.15,139.89416,-7.744160484
AAPL,AAPL261218C00130000,2026-12-18,736.0,130.0,0.5127001855,126.45,129.6,128.025,135.798433,-7.773433098
AAPL,AAPL261218C00135000,2026-12-18,736.0,135.0,0.4993031027,121.8,125.25,123.525,131.697003,-8.17200273
AAPL,AAPL261218C00140000,2026-12-18,736.0,140.0,0.4881032635,117.3,121.05,119.175,127.717882,-8.542881564
AAPL,AAPL261218C00145000,2026-12-18,736.0,145.0,0.4775137698,113.75,116.9,115.325,123.778422,-8.453421717
AAPL,AAPL261218C00150000,2026-12-18,736.0,150.0,0.4635673761,109.65,112.5,111.075,119.618475,-8.543474506
AAPL,AAPL261218C00155000,2026-12-18,736.0,155.0,0.4398249377,105.55,107.3,106.425,114.767082,-8.342081543
AAPL,AAPL261218C00160000,2026-12-18,736.0,160.0,0.4283199258,101.7,103.05,102.375,110.721904,-8.346903948
AAPL,AAPL261218C00165000,2026-12-18,736.0,165.0,0.4190731921,97.75,99.0,98.375,106.842658,-8.467657687
AAPL,AAPL261218C00170000,2026-12-18,736.0,170.0,0.4095823203,93.85,94.95,94.4,102.956153,-8.556153162
AAPL,AAPL261218C00175000,2026-12-18,736.0,175.0,0.4019835193,89.75,91.1,90.425,99.23414,-8.809139563
AAPL,AAPL261218C00180000,2026-12-18,736.0,180.0,0.3914855774,85.95,87.0,86.475,95.289986,-8.814985992
AAPL,AAPL261218C00185000,2026-12-18,736.0,185.0,0.3837952246,82.35,83.2,82.775,91.597984,-8.822983905
AAPL,AAPL261218C00190000,2026-12-18,736.0,190.0,0.3757386646,78.45,79.4,78.925,87.896982,-8.971982003
AAPL,AAPL261218C00195000,2026-12-18,736.0,195.0,0.368750209,74.8,75.75,75.275,84.320487,-9.045487382
AAPL,AAPL261218C00200000,2026-12-18,736.0,200.0,0.3626772717,71.35,72.25,71.8,80.865726,-9.065726395
AAPL,AAPL261218C00210000,2026-12-18,736.0,210.0,0.3487919125,64.4,65.2,64.8,73.89072,-9.09072049
AAPL,AAPL261218C00220000,2026-12-18,736.0,220.0,0.3368596588,57.9,58.6,58.25,67.277745,-9.027745056
AAPL,AAPL261218C00230000,2026-12-18,736.0,230.0,0.3265143033,51.8,52.45,52.125,61.0342,-8.909200111
AAPL,AAPL261218C00240000,2026-12-18,736.0,240.0,0.3167335173,45.7,46.65,46.175,55.074559,-8.89955927
AAPL,AAPL261218C00250000,2026-12-18,736.0,250.0,0.3080818704,40.35,41.3,40.825,49.493376,-8.668375965
AAPL,AAPL261218C00260000,2026-12-18,736.0,260.0,0.3000863449,35.45,36.35,35.9,44.254747,-8.354746707
AAPL,AAPL261218C00270000,2026-12-18,736.0,270.0,0.2933572862,31.35,31.9,31.625,39.458677,-7.833677164
AAPL,AAPL261218C00280000,2026-12-18,736.0,280.0,0.2864603825,27.25,27.75,27.5,34.923519,-7.423518987
AAPL,AAPL261218C00290000,2026-12-18,736.0,290.0,0.2808299457,23.55,24.1,23.825,30.852026,-7.027025772
AAPL,AAPL261218C00300000,2026-12-18,736.0,300.0,0.2761913202,20.45,20.9,20.675,27.208169,-6.533169122
AAPL,AAPL261218C00310000,2026-12-18,736.0,310.0,0.2719646779,17.55,18.05,17.8,23.906115,-6.106114702
AAPL,AAPL261218C00320000,2026-12-18,736.0,320.0,0.2682568292,15.1,15.55,15.325,20.95023,-5.625229533
AAPL,AAPL261218C00330000,2026-12-18,736.0,330.0,0.2644421701,12.85,13.3,13.075,18.24479,-5.169789699
AAPL,AAPL261218C00340000,2026-12-18,736.0,340.0,0.2620007883,11.05,11.45,11.25,15.964591,-4.714591308
AAPL,AAPL261218C00350000,2026-12-18,736.0,350.0,0.259452596,9.45,9.8,9.625,13.898996,-4.273995521
AAPL,AAPL261218C00360000,2026-12-18,736.0,360.0,0.2589795782,7.85,8.55,8.2,12.283235,-4.083234543
AAPL,AAPL261218C00370000,2026-12-18,736.0,370.0,0.2574079387,6.6,7.35,6.975,10.722309,-3.747308989
AAPL,AAPL261218C00380000,2026-12-18,736.0,380.0,0.2564466446,5.6,6.35,5.975,9.394418,-3.419417959
AAPL,AAPL261218C00390000,2026-12-18,736.0,390.0,0.253867935,5.0,5.35,5.175,8.060051,-2.885050592
AAPL,AAPL261218C00400000,2026-12-18,736.0,400.0,0.2529676755,4.3,4.6,4.45,7.03009,-2.580089616
AAPL,AAPL261218C00410000,2026-12-18,736.0,410.0,0.25437147,3.5,4.1,3.8,6.312658,-2.512658173
AAPL,AAPL261218C00420000,2026-12-18,736.0,420.0,0.2547987119,3.0,3.6,3.3,5.600742,-2.300741728
AAPL,AAPL261218C00430000,2026-12-18,736.0,430.0,0.2549818155,2.62,3.15,2.885,4.953139,-2.068138904
AAPL,AAPL261218C00440000,2026-12-18,736.0,440.0,0.2528456064,2.45,2.64,2.545,4.223984,-1.678983809
AAPL,AAPL261218C00450000,2026-12-18,736.0,450.0,0.2531202618,2.14,2.31,2.225,3.73535,-1.510349579
AAPL,AAPL270115C00005000,2027-01-15,764.0,5.0,0.9726565234,239.65,243.4,241.525,239.859217,1.66578267
AAPL,AAPL270115C00010000,2027-01-15,764.0,10.0,0.9277350977,234.85,238.45,236.65,235.404924,1.245075972
AAPL,AAPL270115C00015000,2027-01-15,764.0,15.0,0.8730481445,229.85,233.75,231.8,230.970169,0.829830861
AAPL,AAPL270115C00020000,2027-01-15,764.0,20.0,0.8593764062,225.15,229.05,227.1,226.655959,0.444041494
AAPL,AAPL270115C00030000,2027-01-15,764.0,30.0,1e-05,199.55,203.1,201.325,217.080448,-15.755447953
AAPL,AAPL270115C00035000,2027-01-15,764.0,35.0,0.6401403174,208.1,212.0,210.05,212.896121,-2.846120753
AAPL,AAPL270115C00040000,2027-01-15,764.0,40.0,0.7849142603,206.9,210.75,208.825,209.817511,-0.992511109
AAPL,AAPL270115C00045000,2027-01-15,764.0,45.0,0.670169314,198.0,203.0,200.5,204.565588,-4.065587626
AAPL,AAPL270115C00050000,2027-01-15,764.0,50.0,0.7415797327,197.85,201.65,199.75,201.437855,-1.687855156
AAPL,AAPL270115C00060000,2027-01-15,764.0,60.0,0.6965362378,188.75,192.45,190.6,192.984122,-2.384121688
AAPL,AAPL270115C00070000,2027-01-15,764.0,70.0,0.6604037866,179.7,183.5,181.6,184.646122,-3.046121775
AAPL,AAPL270115C00080000,2027-01-15,764.0,80.0,0.62634651,170.65,174.6,172.625,176.3165,-3.691500293
AAPL,AAPL270115C00085000,2027-01-15,764.0,85.0,0.5061084546,162.9,166.7,164.8,169.4096,-4.609600141
AAPL,AAPL270115C00090000,2027-01-15,764.0,90.0,0.5923502679,161.7,165.5,163.6,167.933301,-4.333301237
AAPL,AAPL270115C00100000,2027-01-15,764.0,100.0,0.5638776523,152.85,156.65,154.75,159.685023,-4.935022929
AAPL,AAPL270115C00105000,2027-01-15,764.0,105.0,0.5503279831,148.5,152.2,150.35,155.57602,-5.226020404
AAPL,AAPL270115C00110000,2027-01-15,764.0,110.0,0.5349167603,144.0,147.7,145.85,151.37947,-5.529470305
AAPL,AAPL270115C00115000,2027-01-15,764.0,115.0,0.5216417465,139.55,143.35,141.45,147.262341,-5.812341346
AAPL,AAPL270115C00120000,2027-01-15,764.0,120.0,0.5115100119,135.45,139.0,137.225,143.289296,-6.064295562
AAPL,AAPL270115C00125000,2027-01-15,764.0,125.0,0.5267991656,130.75,134.6,132.675,140.670008,-7.995008147
AAPL,AAPL270115C00130000,2027-01-15,764.0,130.0,0.5137988074,126.4,130.3,128.35,136.626155,-8.276155282
AAPL,AAPL270115C00135000,2027-01-15,764.0,135.0,0.4987232745,122.1,125.85,123.975,132.448981,-8.473981495
AAPL,AAPL270115C00140000,2027-01-15,764.0,140.0,0.4859670544,117.8,121.55,119.675,128.394453,-8.719453472
AAPL,AAPL270115C00145000,2027-01-15,764.0,145.0,0.4745841116,114.25,117.35,115.8,124.419821,-8.61982108
AAPL,AAPL270115C00150000,2027-01-15,764.0,150.0,0.4637962556,109.8,113.2,111.5,120.483664,-8.983663555
AAPL,AAPL270115C00155000,2027-01-15,764.0,155.0,0.4480951187,105.65,108.65,107.15,116.198599,-9.048598612
AAPL,AAPL270115C00160000,2027-01-15,764.0,160.0,0.4384669191,101.7,104.6,103.15,112.335149,-9.185149323
AAPL,AAPL270115C00165000,2027-01-15,764.0,165.0,0.4308681181,97.75,100.75,99.25,108.637107,-9.387107288
AAPL,AAPL270115C00170000,2027-01-15,764.0,170.0,0.4186764676,94.05,96.5,95.275,104.58947,-9.314470031
AAPL,AAPL270115C00175000,2027-01-15,764.0,175.0,0.4049131775,89.6,92.1,90.85,100.402778,-9.552777796
AAPL,AAPL270115C00180000,2027-01-15,764.0,180.0,0.3922485092,86.05,87.8,86.925,96.294278,-9.369277732
AAPL,AAPL270115C00185000,2027-01-15,764.0,185.0,0.3930724756,82.45,84.9,83.675,93.391893,-9.716893466
AAPL,AAPL270115C00190000,2027-01-15,764.0,190.0,0.3836884142,78.75,81.0,79.875,89.613154,-9.738153983
AAPL,AAPL270115C00195000,2027-01-15,764.0,195.0,0.3785920296,75.0,77.6,76.3,86.264797,-9.964797307
AAPL,AAPL270115C00200000,2027-01-15,764.0,200.0,0.3686586572,71.9,73.7,72.8,82.470671,-9.670671234
AAPL,AAPL270115C00210000,2027-01-15,764.0,210.0,0.3563907135,65.0,66.9,65.95,75.734099,-9.784099497
AAPL,AAPL270115C00220000,2027-01-15,764.0,220.0,0.3432225102,58.5,60.2,59.35,69.050279,-9.700279058
AAPL,AAPL270115C00230000,2027-01-15,764.0,230.0,0.3314428429,52.55,53.9,53.225,62.689179,-9.464179003
AAPL,AAPL270115C00240000,2027-01-15,764.0,240.0,0.3196631755,46.45,47.85,47.15,56.51397,-9.363969729
AAPL,AAPL270115C00250000,2027-01-15,764.0,250.0,0.3109810114,41.2,42.5,41.85,50.945446,-9.095445557
AAPL,AAPL270115C00260000,2027-01-15,764.0,260.0,0.301238372,36.9,37.3,37.1,45.477287,-8.377287434
AAPL,AAPL270115C00270000,2027-01-15,764.0,270.0,0.2963632376,31.8,33.1,32.45,40.929724,-8.479723897
AAPL,AAPL270115C00280000,2027-01-15,764.0,280.0,0.2889322816,28.2,28.85,28.525,36.305429,-7.780429308
AAPL,AAPL270115C00290000,2027-01-15,764.0,290.0,0.2849497775,24.55,25.4,24.975,32.442893,-7.467892881
AAPL,AAPL270115C00300000,2027-01-15,764.0,300.0,0.278800547,21.25,21.95,21.6,28.554689,-6.95468914
AAPL,AAPL270115C00310000,2027-01-15,764.0,310.0,0.2763896825,18.35,19.3,18.825,25.465713,-6.640713203
AAPL,AAPL270115C00320000,2027-01-15,764.0,320.0,0.270408297,15.85,16.45,16.15,22.14778,-5.997779565
AAPL,AAPL270115C00330000,2027-01-15,764.0,330.0,0.2698895033,13.65,14.55,14.1,19.8286,-5.728599853
AAPL,AAPL270115C00340000,2027-01-15,764.0,340.0,0.266334241,11.6,12.5,12.05,17.337097,-5.287096545
AAPL,AAPL270115C00350000,2027-01-15,764.0,350.0,0.2639233765,10.0,10.8,10.4,15.219559,-4.819558582
AAPL,AAPL270115C00360000,2027-01-15,764.0,360.0,0.2591626819,8.45,9.05,8.75,13.030967,-4.280967032
AAPL,AAPL270115C00370000,2027-01-15,764.0,370.0,0.2574537146,7.25,7.8,7.525,11.407417,-3.882416924
AAPL,AAPL270115C00380000,2027-01-15,764.0,380.0,0.2557447473,6.25,6.7,6.475,9.955912,-3.480912453
AAPL,AAPL270115C00390000,2027-01-15,764.0,390.0,0.2596509583,5.1,6.2,5.65,9.228857,-3.578856538
AAPL,AAPL270115C00400000,2027-01-15,764.0,400.0,0.2544019873,4.5,5.05,4.775,7.70767,-2.932669858
AAPL,AAPL270115C00410000,2027-01-15,764.0,410.0,0.2540662973,3.7,4.4,4.05,6.797409,-2.747408828
AAPL,AAPL270115C00420000,2027-01-15,764.0,420.0,0.2532728482,3.6,3.8,3.7,5.95215,-2.252150085
AAPL,AAPL270115C00430000,2027-01-15,764.0,430.0,0.2579114737,3.0,3.6,3.3,5.626799,-2.326798862
AAPL,AAPL270115C00440000,2027-01-15,764.0,440.0,0.2558973337,2.5,3.05,2.775,4.845931,-2.070930789
AAPL,AAPL270115C00450000,2027-01-15,764.0,450.0,0.2529981927,2.4,2.53,2.465,4.099192,-1.634191888
